id,name,name_en,phone,website,email,address,city,governorate,country,latitude,longitude,category,subcategory,type,facebook,instagram,fsq_id,external_id,source,data_quality,verified,created_at,updated_at,scraped_at,search_tags,raw_data,normalized_name,normalized_phone,normalized_address,normalized_website,normalized_facebook,normalized_instagram,whatsapp,maps_url,dedupe_key,completeness_score,source_confidence,last_seen_at,is_active,needs_review
675e793e-296d-4770-8db3-0c98a0f8643d,كوفي نيروز,,,,,,Basra,Basra,Iraq,30.45892380,47.80136410,Cafe,cafe,,,,osm_node_11951810485,osm_node_11951810485,osm,partial,false,2026-04-02 14:58:44.408976+00,2026-04-02 14:58:44.408976+00,2026-04-02 14:58:44.408976+00,,"{""name"": ""كوفي نيروز"", ""_extra"": {""all_phones"": []}, ""amenity"": ""cafe""}",,,,,,,,,,0,50,,true,false
34453b11-b859-4c7a-ac3e-380617d52d9b,كوفي الخليج العربي,,,,,,Basra,Basra,Iraq,30.46926500,47.78893510,Cafe,cafe,,,,osm_node_11951810487,osm_node_11951810487,osm,partial,false,2026-04-02 14:58:44.408976+00,2026-04-02 14:58:44.408976+00,2026-04-02 14:58:44.408976+00,,"{""name"": ""كوفي الخليج العربي"", ""_extra"": {""all_phones"": []}, ""amenity"": ""cafe""}",,,,,,,,,,0,50,,true,false
d4792021-ecdc-403a-9170-d8bd057aa1c5,نانی تیری پایتەخت,,,,,,Erbil,Erbil,Iraq,36.16564210,44.02328930,Cafe,cafe,,,,,,osm,partial,false,2026-04-02 12:21:56.951869+00,2026-04-02 12:21:56.951869+00,2026-04-02 12:21:56.951869+00,,"{""name"": ""نانی تیری پایتەخت"", ""shop"": ""bakery"", ""_extra"": {""all_phones"": []}}",نانی تیری پایتەخت,,,,,,,,name:نانی تیری پایتەخت|erbil|cafe,35,50,2026-04-02 12:21:57.203+00,true,false
610316e6-a65f-4899-a4d7-cf10b7bb3ac9,کافتریا و نانی بەیانیانی خانی,Xani cafe & breakfast,+9647700710303,https://m.facebook.com/xanicafe,xanicafe@gmail.com,شاری نەورۆز;71 Nawroz,Sulaymaniyah,Sulaymaniyah,Iraq,35.56127360,45.37895940,Cafe,cafe,,,,,,osm,real,false,2026-04-02 11:32:19.844213+00,2026-04-02 11:32:19.844213+00,2026-04-02 11:32:19.844213+00,,"{""name"": ""کافتریا و نانی بەیانیانی خانی"", ""email"": ""xanicafe@gmail.com"", ""level"": ""0"", ""phone"": ""009647700710303"", ""_extra"": {""cuisine"": ""breakfast;ice_cream;tea;cake;coffee_shop;pizza;arab;turkish"", ""name_ku"": ""کافتریا و نانی بەیانیانی خانی"", ""all_phones"": [""009647700710303""], ""opening_hours"": ""Mo-Su 07:00-03:00""}, ""amenity"": ""cafe"", ""cuisine"": ""breakfast;ice_cream;tea;cake;coffee_shop;pizza;arab;turkish"", ""name:ar"": ""خانی كافی;مقهی و فطور خانی"", ""name:en"": ""Xani cafe & breakfast"", ""name:ku"": ""کافتریا و نانی بەیانیانی خانی"", ""website"": ""https://m.facebook.com/xanicafe"", ""addr:street"": ""شاری نەورۆز;71 Nawroz"", ""website:menu"": ""https://www.instagram.com/xanicafe/"", ""opening_hours"": ""Mo-Su 07:00-03:00"", ""internet_access"": ""wlan"", ""outdoor_seating"": ""no"", ""internet_access:fee"": ""customers""}",کافتریا و نانی بەیانیانی خانی,+9647700710303,شاری نەورۆز;71 nawroz,https://m.facebook.com/xanicafe,,,,,phone:+9647700710303,80,50,2026-04-02 11:32:20.059+00,true,false
02961357-3cd2-4e70-ab10-8439d6f62237,نانەواخانەی نوور,Noor Bakery,+9647707658088,,,62 Yalmaz Gonai,Sulaymaniyah,Sulaymaniyah,Iraq,35.53077340,45.43971080,Cafe,cafe,,,,,,osm,real,false,2026-04-02 11:32:19.844213+00,2026-04-02 11:32:19.844213+00,2026-04-02 11:32:19.844213+00,,"{""name"": ""نانەواخانەی نوور"", ""shop"": ""bakery"", ""phone"": ""07707658088"", ""_extra"": {""all_phones"": [""07707658088""], ""opening_hours"": ""Sa-Th 09:00-18:00""}, ""name:en"": ""Noor Bakery"", ""addr:street"": ""62 Yalmaz Gonai"", ""opening_hours"": ""Sa-Th 09:00-18:00""}",نانەواخانەی نوور,+9647707658088,62 yalmaz gonai,,,,,,phone:+9647707658088,70,50,2026-04-02 11:32:20.059+00,true,false
d69d7323-f6f9-437e-8efd-85aeaac5a102,Roterdam Café,,+9647717579038,,,Ashty,السليمانية,Sulaymaniyah,Iraq,35.56185500,45.41601100,Cafe,cafe,,,,,,osm,real,false,2026-04-02 11:32:19.844213+00,2026-04-02 11:32:19.844213+00,2026-04-02 11:32:19.844213+00,,"{""name"": ""Roterdam Café"", ""phone"": ""+9647717579038"", ""_extra"": {""all_phones"": [""+9647717579038""]}, ""amenity"": ""cafe"", ""addr:city"": ""السليمانية"", ""addr:full"": ""Ashty"", ""addr:country"": ""IQ"", ""addr:province"": ""محافظة السليمانية""}",roterdam café,+9647717579038,ashty,,,,,,phone:+9647717579038,55,50,2026-04-02 11:32:20.059+00,true,false
fb6d723b-11f1-4b21-ad41-d3b23b8551fd,Vintage Cafe,,+9647700151007,,,"107, Qadamkher 23",Slemani,Sulaymaniyah,Iraq,35.56182660,45.41500930,Cafe,cafe,,,,,,osm,real,false,2026-04-02 11:32:19.844213+00,2026-04-02 11:32:19.844213+00,2026-04-02 11:32:19.844213+00,,"{""name"": ""Vintage Cafe"", ""phone"": ""+9647700151007"", ""_extra"": {""cuisine"": ""coffee_shop"", ""postcode"": ""46001"", ""all_phones"": [""+9647700151007""], ""opening_hours"": ""Mo-Su 10:00-23:00""}, ""amenity"": ""cafe"", ""cuisine"": ""coffee_shop"", ""smoking"": ""yes"", ""addr:city"": ""Slemani"", ""addr:street"": ""Qadamkher 23"", ""addr:postcode"": ""46001"", ""opening_hours"": ""Mo-Su 10:00-23:00"", ""internet_access"": ""yes"", ""addr:housenumber"": ""107"", ""internet_access:fee"": ""no""}",vintage cafe,+9647700151007,"107, qadamkher 23",,,,,,phone:+9647700151007,70,50,2026-04-02 11:32:20.059+00,true,false
308a8900-5736-4837-b373-4808bef5b8c9,عسمان اغا,Osman Axa Caffe,+9647508753282,,,406-2,Sulaymaniyah,Sulaymaniyah,Iraq,35.55921260,45.41982890,Cafe,cafe,,,,,,osm,real,false,2026-04-02 11:32:19.844213+00,2026-04-02 11:32:19.844213+00,2026-04-02 11:32:19.844213+00,,"{""name"": ""عسمان اغا"", ""phone"": ""07508753282"", ""_extra"": {""cuisine"": ""cake"", ""name_ku"": ""کافتریای عوسمان أغا"", ""all_phones"": [""07508753282""], ""opening_hours"": ""24/7""}, ""amenity"": ""cafe"", ""cuisine"": ""cake"", ""name:ar"": ""عسمان اغا كافى"", ""name:en"": ""Osman Axa Caffe"", ""name:ku"": ""کافتریای عوسمان أغا"", ""addr:street"": ""406-2"", ""opening_hours"": ""24/7"", ""internet_access"": ""wlan""}",عسمان اغا,+9647508753282,406-2,,,,,,phone:+9647508753282,55,50,2026-04-02 11:32:20.059+00,true,false
f61d60ec-e9de-4096-a641-d1d87d40dbc2,Suli Grand - Rest. I and Café,Suly grand cafe,+9647700331009,,,Saholaka Street,Sulaymaniyah,Sulaymaniyah,Iraq,35.55951260,45.42127780,Cafe,cafe,,,,,,osm,real,false,2026-04-02 11:32:19.844213+00,2026-04-02 11:32:19.844213+00,2026-04-02 11:32:19.844213+00,,"{""name"": ""Suli Grand - Rest. I and Café"", ""phone"": ""0770 033 1009"", ""_extra"": {""all_phones"": [""0770 033 1009""], ""opening_hours"": ""Mo-Su 10:00-03:00""}, ""amenity"": ""cafe"", ""name:en"": ""Suly grand cafe"", ""addr:street"": ""Saholaka Street"", ""opening_hours"": ""Mo-Su 10:00-03:00""}",suli grand - rest. i and café,+9647700331009,saholaka street,,,,,,phone:+9647700331009,70,50,2026-04-02 11:32:20.059+00,true,false
b8f3c5ce-cd8d-4322-be3f-53dae3ba8528,Jan Coffee,Jan Coffee,+9647727240004,https://www.jancoffee.com/,,Şeqamî Salim,Sulaymaniyah,Sulaymaniyah,Iraq,35.55869570,45.42449800,Cafe,cafe,,,,,,osm,real,false,2026-04-02 11:32:19.844213+00,2026-04-02 11:32:19.844213+00,2026-04-02 11:32:19.844213+00,,"{""name"": ""Jan Coffee"", ""phone"": ""+9647727240004"", ""_extra"": {""cuisine"": ""coffee_shop"", ""postcode"": ""46001"", ""all_phones"": [""+9647727240004""], ""opening_hours"": ""Mo-Su 11:00-23:00""}, ""amenity"": ""cafe"", ""cuisine"": ""coffee_shop"", ""name:en"": ""Jan Coffee"", ""website"": ""https://www.jancoffee.com/"", ""addr:city"": ""Sulaymaniyah"", ""addr:street"": ""Şeqamî Salim"", ""addr:postcode"": ""46001"", ""opening_hours"": ""Mo-Su 11:00-23:00"", ""outdoor_seating"": ""yes""}",jan coffee,+9647727240004,şeqamî salim,https://jancoffee.com,,,,,phone:+9647727240004,75,50,2026-04-02 11:32:20.059+00,true,false
8857bc06-5e85-4e22-a1fc-2ba79aedd7ae,اغا,agha,+9647709470101,,,شارع سالم,Sulaymaniyah,Sulaymaniyah,Iraq,35.55887140,45.42449180,Cafe,cafe,,,,,,osm,real,false,2026-04-02 11:32:19.844213+00,2026-04-02 11:32:19.844213+00,2026-04-02 11:32:19.844213+00,,"{""name"": ""اغا"", ""phone"": ""07709470101"", ""_extra"": {""name_ku"": ""ئاغا"", ""all_phones"": [""07709470101""]}, ""amenity"": ""cafe"", ""name:en"": ""agha"", ""name:ku"": ""ئاغا"", ""addr:street"": ""شارع سالم""}",اغا,+9647709470101,شارع سالم,,,,,,phone:+9647709470101,70,50,2026-04-02 11:32:20.059+00,true,false
cd7898e3-ce33-413f-baf9-f14dba8fff8a,کافێ ١١,Cafe 11,+9647714131111,https://www.cafe11.pub/,info@cafe11.pub,"15, 101-35",Sulaymaniyah,Sulaymaniyah,Iraq,35.55884070,45.42878530,Cafe,cafe,,,,,,osm,real,false,2026-04-02 11:32:19.844213+00,2026-04-02 11:32:19.844213+00,2026-04-02 11:32:19.844213+00,,"{""name"": ""کافێ ١١"", ""email"": ""info@cafe11.pub"", ""phone"": ""07714131111"", ""_extra"": {""postcode"": ""46001"", ""all_phones"": [""07714131111""], ""opening_hours"": ""Mo-Su 02:00-01:00""}, ""amenity"": ""cafe"", ""name:en"": ""Cafe 11"", ""website"": ""https://www.cafe11.pub/"", ""addr:street"": ""101-35"", ""addr:postcode"": ""46001"", ""opening_hours"": ""Mo-Su 02:00-01:00"", ""internet_access"": ""wlan"", ""addr:housenumber"": ""15""}",کافێ ١١,+9647714131111,"15, 101-35",https://cafe11.pub,,,,,phone:+9647714131111,80,50,2026-04-02 11:32:20.06+00,true,false
623ed9bc-c43b-4cac-bcab-f084abe28bd3,ان کافێ,Ann caffe,+9647501102222,,,شارع سالم,Sulaymaniyah,Sulaymaniyah,Iraq,35.55698960,45.42940150,Cafe,cafe,,,,,,osm,real,false,2026-04-02 11:32:19.844213+00,2026-04-02 11:32:19.844213+00,2026-04-02 11:32:19.844213+00,,"{""name"": ""ان کافێ"", ""phone"": ""07501102222"", ""_extra"": {""name_ku"": ""ئان کافێ"", ""all_phones"": [""07501102222""], ""opening_hours"": ""24/7""}, ""amenity"": ""cafe"", ""name:en"": ""Ann caffe"", ""name:ku"": ""ئان کافێ"", ""addr:street"": ""شارع سالم"", ""opening_hours"": ""24/7"", ""internet_access"": ""wlan""}",ان کافێ,+9647501102222,شارع سالم,,,,,,phone:+9647501102222,70,50,2026-04-02 11:32:20.06+00,true,false
9b0a765b-8b05-4c6a-8407-2477a1adbe2e,Maly Agha Cafe,,+9647508355647,,,Salim Street- Saholaka,السليمانية,Sulaymaniyah,Iraq,35.55888000,45.42426000,Cafe,cafe,,,,,,osm,real,false,2026-04-02 11:32:19.844213+00,2026-04-02 11:32:19.844213+00,2026-04-02 11:32:19.844213+00,,"{""name"": ""Maly Agha Cafe"", ""phone"": ""+9647508355647"", ""_extra"": {""all_phones"": [""+9647508355647""]}, ""amenity"": ""cafe"", ""addr:city"": ""السليمانية"", ""addr:full"": ""Salim Street- Saholaka"", ""addr:country"": ""IQ"", ""addr:province"": ""محافظة السليمانية""}",maly agha cafe,+9647508355647,salim street- saholaka,,,,,,phone:+9647508355647,70,50,2026-04-02 11:32:20.06+00,true,false
9caab342-04ab-4c4e-959a-e19763e48ee4,کافتریای پێشڕەو,bliardy peshraw,+9647701469530,,,Qanat Street,Sulaymaniyah,Sulaymaniyah,Iraq,35.56260050,45.44248390,Cafe,cafe,,,,,,osm,real,false,2026-04-02 11:32:19.844213+00,2026-04-02 11:32:19.844213+00,2026-04-02 11:32:19.844213+00,,"{""name"": ""کافتریای پێشڕەو"", ""phone"": ""+9647701469530"", ""_extra"": {""all_phones"": [""+9647701469530""]}, ""amenity"": ""cafe"", ""name:en"": ""bliardy peshraw"", ""addr:street"": ""Qanat Street"", ""internet_access"": ""wlan""}",کافتریای پێشڕەو,+9647701469530,qanat street,,,,,,phone:+9647701469530,70,50,2026-04-02 11:32:20.06+00,true,false
6cd32fe5-e6a2-495d-a822-ca9fcda53268,QAWACHY,,+9647501622531,,,شەقامی مەولەوی,سلێمانی,Sulaymaniyah,Iraq,35.55664030,45.43910140,Cafe,cafe,,,,,,osm,real,false,2026-04-02 11:32:19.844213+00,2026-04-02 11:32:19.844213+00,2026-04-02 11:32:19.844213+00,,"{""name"": ""QAWACHY"", ""phone"": ""+9647501622531"", ""_extra"": {""cuisine"": ""coffee_shop"", ""postcode"": ""964"", ""all_phones"": [""+9647501622531""], ""opening_hours"": ""Mo-Sa 08:00-20:00""}, ""amenity"": ""cafe"", ""cuisine"": ""coffee_shop"", ""addr:city"": ""سلێمانی"", ""addr:street"": ""شەقامی مەولەوی"", ""addr:postcode"": ""964"", ""opening_hours"": ""Mo-Sa 08:00-20:00"", ""internet_access"": ""no"", ""outdoor_seating"": ""yes""}",qawachy,+9647501622531,شەقامی مەولەوی,,,,,,phone:+9647501622531,70,50,2026-04-02 11:32:20.06+00,true,false
4bd3c51b-de97-4ec1-a3f7-ead928aea4bc,بریک کافی,Break cafe,+9647736993065,,,Orzdi,Sulaymaniyah,Sulaymaniyah,Iraq,35.55143140,45.44846670,Cafe,cafe,,,,,,osm,real,false,2026-04-02 11:32:19.844213+00,2026-04-02 11:32:19.844213+00,2026-04-02 11:32:19.844213+00,,"{""name"": ""بریک کافی"", ""phone"": ""07736993065"", ""_extra"": {""name_ku"": ""برەیک کافێ"", ""postcode"": ""46002"", ""all_phones"": [""07736993065""], ""opening_hours"": ""Mo-Fr,Su 08:00-00:00""}, ""amenity"": ""cafe"", ""name:en"": ""Break cafe"", ""name:ku"": ""برەیک کافێ"", ""addr:street"": ""Orzdi"", ""addr:postcode"": ""46002"", ""opening_hours"": ""Mo-Fr,Su 08:00-00:00"", ""internet_access"": ""wlan""}",بریک کافی,+9647736993065,orzdi,,,,,,phone:+9647736993065,55,50,2026-04-02 11:32:20.06+00,true,false
bc1cd90e-b57f-4373-88a8-021f17dd5bce,عەباس,abas,+9647501633935,,hamid.elkapo@yahoo.com,Qanat Street,Sulaymaniyah,Sulaymaniyah,Iraq,35.55949220,45.44729700,Cafe,cafe,,,,,,osm,real,false,2026-04-02 11:32:19.844213+00,2026-04-02 11:32:19.844213+00,2026-04-02 11:32:19.844213+00,,"{""name"": ""عەباس"", ""email"": ""Hamid.elkapo@yahoo.com"", ""phone"": ""07501633935"", ""_extra"": {""cuisine"": ""arab;persian"", ""all_phones"": [""07501633935""], ""opening_hours"": ""24/7""}, ""amenity"": ""cafe"", ""cuisine"": ""arab;persian"", ""name:en"": ""abas"", ""addr:street"": ""Qanat Street"", ""opening_hours"": ""24/7""}",عەباس,+9647501633935,qanat street,,,,,,phone:+9647501633935,75,50,2026-04-02 11:32:20.06+00,true,false
47827be2-e63f-4d75-9c4b-59998976f007,نانەواخانەی زەنگین,,+9647702221220,,,,Sulaymaniyah,Sulaymaniyah,Iraq,35.54390900,45.47693990,Cafe,cafe,,,,,,osm,real,false,2026-04-02 11:32:19.844213+00,2026-04-02 11:32:19.844213+00,2026-04-02 11:32:19.844213+00,,"{""name"": ""نانەواخانەی زەنگین"", ""shop"": ""bakery"", ""phone"": ""07702221220"", ""_extra"": {""all_phones"": [""07702221220""], ""opening_hours"": ""Su-Sa 06:00-19:00""}, ""opening_hours"": ""Su-Sa 06:00-19:00""}",نانەواخانەی زەنگین,+9647702221220,,,,,,,phone:+9647702221220,55,50,2026-04-02 11:32:20.06+00,true,false
cef34e43-d67c-4606-88fa-c708b0fd2a01,Hi Café,,+9647725266326,,,Raparin,السليمانية,Sulaymaniyah,Iraq,35.58521700,45.33762400,Cafe,cafe,,,,,,osm,real,false,2026-04-02 11:32:19.844213+00,2026-04-02 11:32:19.844213+00,2026-04-02 11:32:19.844213+00,,"{""name"": ""Hi Café"", ""phone"": ""+9647725266326"", ""_extra"": {""all_phones"": [""+9647725266326""]}, ""amenity"": ""cafe"", ""addr:city"": ""السليمانية"", ""addr:full"": ""Raparin"", ""addr:country"": ""IQ"", ""addr:province"": ""محافظة السليمانية""}",hi café,+9647725266326,raparin,,,,,,phone:+9647725266326,70,50,2026-04-02 11:32:20.06+00,true,false
a7260de4-13df-483e-bead-e5aaa635a2f0,کافێ بلوچی,Bellucci cafe,+9647701563649,https://m.facebook.com/bellucci.mm/,aramsalam@gmail.com,Kirkuk-Slemani Road,Sulaymaniyah,Sulaymaniyah,Iraq,35.56522290,45.37187610,Cafe,cafe,,,,,,osm,real,false,2026-04-02 11:32:19.844213+00,2026-04-02 11:32:19.844213+00,2026-04-02 11:32:19.844213+00,,"{""name"": ""کافێ بلوچی"", ""email"": ""aramsalam@gmail.com"", ""phone"": ""009647701563649"", ""_extra"": {""cuisine"": ""ice_cream;tea;cake;persian;local;coffee_shop;greek;italian;arab;turkish"", ""name_ku"": ""کافێ بلوچی"", ""operator"": ""Kaznadar . Majeed . Nahid"", ""postcode"": ""46001"", ""all_phones"": [""009647701563649""], ""opening_hours"": ""Mo-Su 10:00-00:00""}, ""amenity"": ""cafe"", ""cuisine"": ""ice_cream;tea;cake;persian;local;coffee_shop;greek;italian;arab;turkish"", ""name:ar"": ""بلوجی كافيه"", ""name:en"": ""Bellucci cafe"", ""name:ku"": ""کافێ بلوچی"", ""website"": ""https://m.facebook.com/bellucci.mm/"", ""operator"": ""Kaznadar . Majeed . Nahid"", ""addr:street"": ""Kirkuk-Slemani Road"", ""addr:postcode"": ""46001"", ""opening_hours"": ""Mo-Su 10:00-00:00"", ""outdoor_seating"": ""no""}",کافێ بلوچی,+9647701563649,kirkuk-slemani road,https://m.facebook.com/bellucci.mm,,,,,phone:+9647701563649,80,50,2026-04-02 11:32:20.06+00,true,false
bf7fc627-608f-45eb-af9e-bf99a68d89f4,cafe lawaki,,+9647501111111,www.cafesuli.com,,"univsuli, سلێمانی - کەرکوک",Sulaymaniyah,Sulaymaniyah,Iraq,35.57721850,45.35654220,Cafe,cafe,,,,,,osm,real,false,2026-04-02 11:32:19.844213+00,2026-04-02 11:32:19.844213+00,2026-04-02 11:32:19.844213+00,,"{""name"": ""cafe lawaki"", ""phone"": ""07501111111"", ""_extra"": {""all_phones"": [""07501111111""], ""description"": ""cafe lawaki"", ""opening_hours"": ""Mo-Su 09:00-2:00""}, ""amenity"": ""cafe"", ""website"": ""www.cafesuli.com"", ""addr:street"": ""سلێمانی - کەرکوک"", ""description"": ""cafe lawaki"", ""opening_hours"": ""Mo-Su 09:00-2:00"", ""internet_access"": ""wlan"", ""addr:housenumber"": ""univsuli"", ""internet_access:fee"": ""no"", ""internet_access:ssid"": ""univsul""}",cafe lawaki,+9647501111111,"univsuli, سلێمانی - کەرکوک",https://cafesuli.com,,,,,phone:+9647501111111,75,50,2026-04-02 11:32:20.06+00,true,false
2b7d79f3-f3e7-4e85-8172-a66b882b12b2,كوفي شوب الخيمه,,,,,,القبلة,Basra,Iraq,30.45398960,47.80588280,Cafe,cafe,,,,osm_node_5878173086,osm_node_5878173086,osm,partial,false,2026-04-02 14:58:44.408976+00,2026-04-02 14:58:44.408976+00,2026-04-02 14:58:44.408976+00,,"{""name"": ""كوفي شوب الخيمه"", ""_extra"": {""all_phones"": []}, ""amenity"": ""cafe"", ""addr:city"": ""القبلة""}",,,,,,,,,,0,50,,true,false
772d4e40-fc3b-4c84-b5dc-e01065df3f4d,lake 2 restaurant & cafe,lake,+9647701556167,,mk.n64@mail.ru,"07701556167, Malik Mahmud Street",Sulaymaniyah,Sulaymaniyah,Iraq,35.56999040,45.38941930,Cafe,cafe,,,,,,osm,real,false,2026-04-02 11:32:19.844213+00,2026-04-02 11:32:19.844213+00,2026-04-02 11:32:19.844213+00,,"{""name"": ""lake 2 restaurant & cafe"", ""email"": ""mk.n64@mail.ru"", ""phone"": ""07701556167"", ""_extra"": {""cuisine"": ""arab"", ""name_ku"": ""لەیک"", ""all_phones"": [""07701556167""], ""opening_hours"": ""Mo-Su 12:00-00:00""}, ""amenity"": ""cafe"", ""cuisine"": ""arab"", ""name:en"": ""lake"", ""name:ku"": ""لەیک"", ""addr:street"": ""Malik Mahmud Street"", ""opening_hours"": ""Mo-Su 12:00-00:00"", ""internet_access"": ""wlan"", ""addr:housenumber"": ""07701556167""}",lake 2 restaurant & cafe,+9647701556167,"07701556167, malik mahmud street",,,,,,phone:+9647701556167,75,50,2026-04-02 11:32:20.06+00,true,false
ca389a31-4f92-4005-ac3d-4d0b3ef6771e,Lalazar Cafe,,+9647502388319,,,City Center,السليمانية,Sulaymaniyah,Iraq,35.57173000,45.39010000,Cafe,cafe,,,,,,osm,real,false,2026-04-02 11:32:19.844213+00,2026-04-02 11:32:19.844213+00,2026-04-02 11:32:19.844213+00,,"{""name"": ""Lalazar Cafe"", ""phone"": ""+9647502388319"", ""_extra"": {""all_phones"": [""+9647502388319""]}, ""amenity"": ""cafe"", ""addr:city"": ""السليمانية"", ""addr:full"": ""City Center"", ""addr:country"": ""IQ"", ""addr:province"": ""محافظة السليمانية""}",lalazar cafe,+9647502388319,city center,,,,,,phone:+9647502388319,70,50,2026-04-02 11:32:20.06+00,true,false
6146f959-34bf-4e30-9572-1c255f0174c7,bobacha Bubble Tea,,+9647704050567,https://compiled.social/bobacha,,39 Jamal Erfan,سلێمانی,Sulaymaniyah,Iraq,35.56899830,45.40059490,Cafe,cafe,,,,,,osm,real,false,2026-04-02 11:32:19.844213+00,2026-04-02 11:32:19.844213+00,2026-04-02 11:32:19.844213+00,,"{""name"": ""bobacha Bubble Tea"", ""brand"": ""bobacha"", ""image"": ""https://compiled.ams3.cdn.digitaloceanspaces.com/profile_images/TGPKJTGFwQE9Vcm1GtHmgcpERAPymXKABsVpzsGT.png"", ""phone"": ""+9647704050567"", ""_extra"": {""cuisine"": ""cafe;bubble_tea;smoothies;smoothie;juice"", ""operator"": ""bobacha"", ""postcode"": ""26001"", ""all_phones"": [""+9647704050567""], ""description"": ""bobacha is an innovative brand in Kurdistan that serves delicious Bubble Teas. \n\nOur categories include milk teas, smoothies and fruit teas with a wide selection of boba and jelly.\n\nEvery drink we serve is handcrafted and freshly brewed. \n\nPremium ingredi"", ""opening_hours"": ""Mo-Su 12:00-23:00""}, ""branch"": ""1"", ""source"": ""@bobacha.slemani;Instagram;Facebook"", ""amenity"": ""cafe"", ""cuisine"": ""cafe;bubble_tea;smoothies;smoothie;juice"", ""website"": ""https://compiled.social/bobacha"", ""takeaway"": ""yes"", ""addr:city"": ""سلێمانی"", ""start_date"": ""03-05-2022"", ""addr:street"": ""39 Jamal Erfan"", ""description"": ""bobacha is an innovative brand in Kurdistan that serves delicious Bubble Teas. \n\nOur categories include milk teas, smoothies and fruit teas with a wide selection of boba and jelly.\n\nEvery drink we serve is handcrafted and freshly brewed. \n\nPremium ingredi"", ""payment:cash"": ""yes"", ""addr:postcode"": ""26001"", ""opening_hours"": ""Mo-Su 12:00-23:00"", ""internet_access"": ""wlan"", ""outdoor_seating"": ""yes"", ""air_conditioning"": ""yes"", ""internet_access:fee"": ""no"", ""internet_access:ssid"": ""bobacha Bubble Tea 2.4""}",bobacha bubble tea,+9647704050567,39 jamal erfan,https://compiled.social/bobacha,,,,,phone:+9647704050567,75,50,2026-04-02 11:32:20.06+00,true,false
7ce6fd28-7853-45fb-9e9d-0e644e05658d,Konkan Cafe,,+9647501079370,,,Bakhtyary,السليمانية,Sulaymaniyah,Iraq,35.56842000,45.40245000,Cafe,cafe,,,,,,osm,real,false,2026-04-02 11:32:19.844213+00,2026-04-02 11:32:19.844213+00,2026-04-02 11:32:19.844213+00,,"{""name"": ""Konkan Cafe"", ""phone"": ""+9647501079370"", ""_extra"": {""all_phones"": [""+9647501079370""]}, ""amenity"": ""cafe"", ""addr:city"": ""السليمانية"", ""addr:full"": ""Bakhtyary"", ""addr:country"": ""IQ"", ""addr:province"": ""محافظة السليمانية""}",konkan cafe,+9647501079370,bakhtyary,,,,,,phone:+9647501079370,70,50,2026-04-02 11:32:20.06+00,true,false
fd8bd803-892b-4d62-9322-3f709845e9d7,ريترو كافي,Retro café,+9647707707891,,,,Sulaymaniyah,Sulaymaniyah,Iraq,35.57110720,45.39986260,Cafe,cafe,,,,,,osm,real,false,2026-04-02 11:32:19.844213+00,2026-04-02 11:32:19.844213+00,2026-04-02 11:32:19.844213+00,,"{""name"": ""ريترو كافي"", ""phone"": ""07707707891"", ""_extra"": {""name_ku"": ""ڕێترۆ کافێ"", ""all_phones"": [""07707707891""], ""opening_hours"": ""Mo-Su 08:00-12:00""}, ""amenity"": ""cafe"", ""name:en"": ""Retro café"", ""name:ku"": ""ڕێترۆ کافێ"", ""opening_hours"": ""Mo-Su 08:00-12:00"", ""internet_access"": ""wlan""}",رىترو كافى,+9647707707891,,,,,,,phone:+9647707707891,55,50,2026-04-02 11:32:20.06+00,true,false
878e010b-3fbe-40ae-b2a7-26f5f45d773f,Retro Café,,+9647707707867,,,Bakhtyary,السليمانية,Sulaymaniyah,Iraq,35.57125100,45.39965800,Cafe,cafe,,,,,,osm,real,false,2026-04-02 11:32:19.844213+00,2026-04-02 11:32:19.844213+00,2026-04-02 11:32:19.844213+00,,"{""name"": ""Retro Café"", ""phone"": ""+9647707707867"", ""_extra"": {""all_phones"": [""+9647707707867""]}, ""amenity"": ""cafe"", ""addr:city"": ""السليمانية"", ""addr:full"": ""Bakhtyary"", ""addr:country"": ""IQ"", ""addr:province"": ""محافظة السليمانية""}",retro café,+9647707707867,bakhtyary,,,,,,phone:+9647707707867,70,50,2026-04-02 11:32:20.06+00,true,false
3014d5c5-ec2f-4a23-9d39-367d1810f0a3,کافێی شەن,Shan Café,+9647701984443,,,Sarchnar,Sulaymaniyah,Sulaymaniyah,Iraq,35.58470780,45.38331390,Cafe,cafe,,,,,,osm,real,false,2026-04-02 11:32:19.844213+00,2026-04-02 11:32:19.844213+00,2026-04-02 11:32:19.844213+00,,"{""name"": ""کافێی شەن"", ""phone"": ""07701984443"", ""_extra"": {""name_ku"": ""شە‌ن كافێ"", ""operator"": ""دانا"", ""postcode"": ""46001"", ""all_phones"": [""07701984443""], ""opening_hours"": ""24/7""}, ""amenity"": ""cafe"", ""name:en"": ""Shan Café"", ""name:ku"": ""شە‌ن كافێ"", ""operator"": ""دانا"", ""addr:street"": ""Sarchnar"", ""addr:postcode"": ""46001"", ""opening_hours"": ""24/7"", ""internet_access"": ""wlan""}",کافێی شەن,+9647701984443,sarchnar,,,,,,phone:+9647701984443,70,50,2026-04-02 11:32:20.06+00,true,false
e25055e6-eb7c-4f66-bcd1-79d42123c81a,Coffe Home,,+9647700306020,,,,Sulaymaniyah,Sulaymaniyah,Iraq,35.58491630,45.40213800,Cafe,cafe,,,,,,osm,real,false,2026-04-02 11:32:19.844213+00,2026-04-02 11:32:19.844213+00,2026-04-02 11:32:19.844213+00,,"{""name"": ""Coffe Home"", ""phone"": ""07700306020"", ""_extra"": {""all_phones"": [""07700306020""]}, ""amenity"": ""cafe""}",coffe home,+9647700306020,,,,,,,phone:+9647700306020,55,50,2026-04-02 11:32:20.06+00,true,false
4afe845a-24eb-4011-8cbf-6e052b4a7b75,Davela cafe,,+9647703216464,https://www.instagram.com/davelacafe?igsh=Y3RsOWc2dTA5cnF4,,94 Hama Jza,sulaymaniyah,Sulaymaniyah,Iraq,35.58444130,45.40283140,Cafe,cafe,,,,,,osm,real,false,2026-04-02 11:32:19.844213+00,2026-04-02 11:32:19.844213+00,2026-04-02 11:32:19.844213+00,,"{""bar"": ""yes"", ""name"": ""Davela cafe"", ""phone"": ""+9647703216464"", ""_extra"": {""cuisine"": ""coffee_shop;sandwich;breakfast;cake;tea;crepe;juice"", ""postcode"": ""46001"", ""all_phones"": [""+9647703216464""], ""opening_hours"": ""Mo-Su 08:00-01:00""}, ""amenity"": ""cafe"", ""cuisine"": ""coffee_shop;sandwich;breakfast;cake;tea;crepe;juice"", ""website"": ""https://www.instagram.com/davelacafe?igsh=Y3RsOWc2dTA5cnF4"", ""addr:city"": ""sulaymaniyah"", ""addr:street"": ""94 Hama Jza"", ""addr:postcode"": ""46001"", ""opening_hours"": ""Mo-Su 08:00-01:00"", ""internet_access"": ""wlan"", ""outdoor_seating"": ""yes"", ""air_conditioning"": ""yes"", ""internet_access:fee"": ""no""}",davela cafe,+9647703216464,94 hama jza,https://instagram.com/davelacafe,,,,,phone:+9647703216464,75,50,2026-04-02 11:32:20.06+00,true,false
e0fdef30-e8d1-4b1b-bdb2-82a5c2bcc81e,ميلودي,Melody,+9647706974142,,,"67, 105-48",سلێمانی,Sulaymaniyah,Iraq,35.56386980,45.40768860,Cafe,cafe,,,,,,osm,real,false,2026-04-02 11:32:19.844213+00,2026-04-02 11:32:19.844213+00,2026-04-02 11:32:19.844213+00,,"{""name"": ""ميلودي"", ""phone"": ""07706974142"", ""_extra"": {""all_phones"": [""07706974142""]}, ""amenity"": ""cafe"", ""name:en"": ""Melody"", ""addr:city"": ""سلێمانی"", ""addr:street"": ""105-48"", ""addr:housenumber"": ""67""}",مىلودى,+9647706974142,"67, 105-48",,,,,,phone:+9647706974142,70,50,2026-04-02 11:32:20.06+00,true,false
3a107acd-7cad-4655-b544-e853eae3bf86,فڕنی صەبوونی ناوخوان,Nawxwan Bakery,,,,,Sulaymaniyah,Sulaymaniyah,Iraq,35.54311300,45.48067400,Cafe,cafe,,,,,,osm,partial,false,2026-04-02 11:32:21.097018+00,2026-04-02 11:32:21.097018+00,2026-04-02 11:32:21.097018+00,,"{""name"": ""فڕنی صەبوونی ناوخوان"", ""shop"": ""bakery"", ""_extra"": {""all_phones"": []}, ""name:en"": ""Nawxwan Bakery""}",فڕنی صەبوونی ناوخوان,,,,,,,,name:فڕنی صەبوونی ناوخوان|sulaymaniyah|cafe,35,50,2026-04-02 11:32:21.395+00,true,false
5d6cbccb-ae83-479d-a9fa-7e9ac3092164,Sha Crepe,,+9647719480085,https://www.tiktok.com/@sha_creep3?_t=ZS-8zdkYZMKXuJ&_r=1,,"108-14, Piramagrun Street",Sulaymaniyah,Sulaymaniyah,Iraq,35.56902790,45.41410280,Cafe,cafe,,,,,,osm,real,false,2026-04-02 11:32:19.844213+00,2026-04-02 11:32:19.844213+00,2026-04-02 11:32:19.844213+00,,"{""name"": ""Sha Crepe"", ""phone"": ""9647719480085"", ""_extra"": {""cuisine"": ""coffee_shop"", ""postcode"": ""46001"", ""all_phones"": [""9647719480085""], ""opening_hours"": ""Mo-Su 04:00-01:00pm""}, ""amenity"": ""cafe"", ""cuisine"": ""coffee_shop"", ""website"": ""https://www.tiktok.com/@sha_creep3?_t=ZS-8zdkYZMKXuJ&_r=1"", ""addr:city"": ""Sulaymaniyah"", ""addr:street"": ""Piramagrun Street"", ""addr:postcode"": ""46001"", ""opening_hours"": ""Mo-Su 04:00-01:00pm"", ""internet_access"": ""no"", ""outdoor_seating"": ""yes"", ""addr:housenumber"": ""108-14""}",sha crepe,+9647719480085,"108-14, piramagrun street",https://tiktok.com/@sha_creep3,,,,,phone:+9647719480085,75,50,2026-04-02 11:32:20.06+00,true,false
d6b80303-f7b5-48d7-a3db-6ec882b2d310,King bread,,+964533183236,,,,Sulaymaniyah,Sulaymaniyah,Iraq,35.57388740,45.40685640,Cafe,cafe,,,,,,osm,real,false,2026-04-02 11:32:19.844213+00,2026-04-02 11:32:19.844213+00,2026-04-02 11:32:19.844213+00,,"{""name"": ""King bread"", ""shop"": ""bakery"", ""phone"": ""009640533183236"", ""_extra"": {""all_phones"": [""009640533183236""]}, ""name:ar"": ""King bread""}",king bread,+964533183236,,,,,,,phone:+964533183236,55,50,2026-04-02 11:32:20.06+00,true,false
6abc380b-62a6-4c7e-a45c-67432687113f,Lattela coffee house,,+9647707456060,https://www.instagram.com/lattela.cafe?igsh=MWNoNmRwY3N4aWxnNA==,,107-62,Sulaymaniyah,Sulaymaniyah,Iraq,35.56970520,45.41222440,Cafe,cafe,,,,,,osm,real,false,2026-04-02 11:32:19.844213+00,2026-04-02 11:32:19.844213+00,2026-04-02 11:32:19.844213+00,,"{""bar"": ""yes"", ""name"": ""Lattela coffee house"", ""phone"": ""+9647707456060"", ""_extra"": {""cuisine"": ""coffee_shop"", ""postcode"": ""46001"", ""all_phones"": [""+9647707456060""], ""opening_hours"": ""Mo-Su 07:30-23:00""}, ""branch"": ""yes"", ""amenity"": ""cafe"", ""cuisine"": ""coffee_shop"", ""smoking"": ""yes"", ""website"": ""https://www.instagram.com/lattela.cafe?igsh=MWNoNmRwY3N4aWxnNA=="", ""delivery"": ""yes"", ""takeaway"": ""yes"", ""addr:city"": ""Sulaymaniyah"", ""highchair"": ""yes"", ""check_date"": ""2025-08-12"", ""addr:street"": ""107-62"", ""reservation"": ""yes"", ""payment:cash"": ""yes"", ""website:menu"": ""https://m.mynu.app/qr/798173038950"", ""addr:postcode"": ""46001"", ""opening_hours"": ""Mo-Su 07:30-23:00"", ""internet_access"": ""wlan"", ""internet_access:fee"": ""no"", ""payment:credit_cards"": ""yes""}",lattela coffee house,+9647707456060,107-62,https://instagram.com/lattela.cafe,,,,,phone:+9647707456060,75,50,2026-04-02 11:32:20.06+00,true,false
33b63121-0ea5-451c-b304-31abf643f5ee,Coffee Potamia,,+9647750252020,https://www.instagram.com/coffeepotamia.krd?igsh=NTBzc2M0dmtocnQ2,,26 Ashti,Sulaimaniyah,Sulaymaniyah,Iraq,35.56653030,45.42296230,Cafe,cafe,,,,,,osm,real,false,2026-04-02 11:32:19.844213+00,2026-04-02 11:32:19.844213+00,2026-04-02 11:32:19.844213+00,,"{""bar"": ""yes"", ""name"": ""Coffee Potamia"", ""phone"": ""+9647750252020"", ""_extra"": {""cuisine"": ""coffee_shop"", ""name_ku"": ""کۆفی پۆتامیا"", ""postcode"": ""46001"", ""all_phones"": [""+9647750252020""], ""opening_hours"": ""Mo-Su 10:00-24:00""}, ""amenity"": ""cafe"", ""cuisine"": ""coffee_shop"", ""name:ku"": ""کۆفی پۆتامیا"", ""smoking"": ""yes"", ""website"": ""https://www.instagram.com/coffeepotamia.krd?igsh=NTBzc2M0dmtocnQ2"", ""takeaway"": ""yes"", ""addr:city"": ""Sulaimaniyah"", ""check_date"": ""2025-08-12"", ""start_date"": ""2025-06-01"", ""addr:street"": ""26 Ashti"", ""addr:postcode"": ""46001"", ""opening_hours"": ""Mo-Su 10:00-24:00"", ""internet_access"": ""yes"", ""outdoor_seating"": ""yes"", ""air_conditioning"": ""yes"", ""internet_access:fee"": ""no""}",coffee potamia,+9647750252020,26 ashti,https://instagram.com/coffeepotamia.krd,,,,,phone:+9647750252020,75,50,2026-04-02 11:32:20.06+00,true,false
0dd634e3-1727-4e12-a949-a14a981455bb,Safra Bakery,,+9647707293535,,,Piramagrun Street,سلێمانی,Sulaymaniyah,Iraq,35.56749240,45.41669030,Cafe,cafe,,,,,,osm,real,false,2026-04-02 11:32:19.844213+00,2026-04-02 11:32:19.844213+00,2026-04-02 11:32:19.844213+00,,"{""name"": ""Safra Bakery"", ""shop"": ""bakery"", ""phone"": ""+964 7707293535"", ""_extra"": {""postcode"": ""46001"", ""all_phones"": [""+964 7707293535""]}, ""addr:city"": ""سلێمانی"", ""addr:street"": ""Piramagrun Street"", ""addr:postcode"": ""46001""}",safra bakery,+9647707293535,piramagrun street,,,,,,phone:+9647707293535,70,50,2026-04-02 11:32:20.06+00,true,false
17b4978b-aa54-40a6-8422-711efb4e2b05,elian donut,,+9647701408801,,,"HCCG+C68, Koraw St",sulaymaniyah,Sulaymaniyah,Iraq,35.57091160,45.42574560,Cafe,cafe,,,,,,osm,real,false,2026-04-02 11:32:19.844213+00,2026-04-02 11:32:19.844213+00,2026-04-02 11:32:19.844213+00,,"{""name"": ""elian donut"", ""phone"": ""9647701408801"", ""_extra"": {""cuisine"": ""donut;dessert;cake"", ""postcode"": ""46024"", ""all_phones"": [""9647701408801""], ""opening_hours"": ""Mo-Su 10:00-23:00""}, ""amenity"": ""cafe"", ""cuisine"": ""donut;dessert;cake"", ""addr:city"": ""sulaymaniyah"", ""addr:street"": ""Koraw St"", ""addr:postcode"": ""46024"", ""opening_hours"": ""Mo-Su 10:00-23:00"", ""addr:housenumber"": ""HCCG+C68""}",elian donut,+9647701408801,"hccg+c68, koraw st",,,,,,phone:+9647701408801,70,50,2026-04-02 11:32:20.06+00,true,false
faee6412-929d-44dc-8cc0-ac18684e2e6c,Tavana Cafe,,+9647702272719,,,Zargata,السليمانية,Sulaymaniyah,Iraq,35.57694500,45.41065700,Cafe,cafe,,,,,,osm,real,false,2026-04-02 11:32:19.844213+00,2026-04-02 11:32:19.844213+00,2026-04-02 11:32:19.844213+00,,"{""name"": ""Tavana Cafe"", ""phone"": ""+9647702272719"", ""_extra"": {""all_phones"": [""+9647702272719""]}, ""amenity"": ""cafe"", ""addr:city"": ""السليمانية"", ""addr:full"": ""Zargata"", ""addr:country"": ""IQ"", ""addr:province"": ""محافظة السليمانية""}",tavana cafe,+9647702272719,zargata,,,,,,phone:+9647702272719,70,50,2026-04-02 11:32:20.06+00,true,false
3e839c12-9c42-4f6f-968b-e3d6d2c5d59f,Gully Slemani Café,,+9647700354686,,,Baznay Malik Mahmood,السليمانية,Sulaymaniyah,Iraq,35.58187500,45.41676700,Cafe,cafe,,,,,,osm,real,false,2026-04-02 11:32:19.844213+00,2026-04-02 11:32:19.844213+00,2026-04-02 11:32:19.844213+00,,"{""name"": ""Gully Slemani Café"", ""phone"": ""+9647700354686"", ""_extra"": {""all_phones"": [""+9647700354686""]}, ""amenity"": ""cafe"", ""addr:city"": ""السليمانية"", ""addr:full"": ""Baznay Malik Mahmood"", ""addr:country"": ""IQ"", ""addr:province"": ""محافظة السليمانية""}",gully slemani café,+9647700354686,baznay malik mahmood,,,,,,phone:+9647700354686,70,50,2026-04-02 11:32:20.06+00,true,false
aa181fa7-be8d-44c7-8c30-52559d4f1015,Kashk Café,,+9647705534436,,,Majidbag,السليمانية,Sulaymaniyah,Iraq,35.56969100,45.44225300,Cafe,cafe,,,,,,osm,real,false,2026-04-02 11:32:19.844213+00,2026-04-02 11:32:19.844213+00,2026-04-02 11:32:19.844213+00,,"{""name"": ""Kashk Café"", ""phone"": ""+9647705534436"", ""_extra"": {""all_phones"": [""+9647705534436""]}, ""amenity"": ""cafe"", ""addr:city"": ""السليمانية"", ""addr:full"": ""Majidbag"", ""addr:country"": ""IQ"", ""addr:province"": ""محافظة السليمانية""}",kashk café,+9647705534436,majidbag,,,,,,phone:+9647705534436,70,50,2026-04-02 11:32:20.06+00,true,false
e45f794b-d3d3-48ed-a77b-16e75a70a239,نانە‌واخانە‌ی حاجی ڕۆستە‌م,Haji Rostam Bakery,+9647701210113,,,22 Tuymaleek,Sulaymaniyah,Sulaymaniyah,Iraq,35.56900390,45.45424220,Cafe,cafe,,,,,,osm,real,false,2026-04-02 11:32:19.844213+00,2026-04-02 11:32:19.844213+00,2026-04-02 11:32:19.844213+00,,"{""name"": ""نانە‌واخانە‌ی حاجی ڕۆستە‌م"", ""shop"": ""bakery"", ""phone"": ""07701210113"", ""_extra"": {""postcode"": ""46001"", ""all_phones"": [""07701210113""], ""opening_hours"": ""Sa-Th 06:00-20:00""}, ""name:en"": ""Haji Rostam Bakery"", ""addr:street"": ""22 Tuymaleek"", ""addr:postcode"": ""46001"", ""opening_hours"": ""Sa-Th 06:00-20:00""}",نانە‌واخانە‌ی حاجی ڕۆستە‌م,+9647701210113,22 tuymaleek,,,,,,phone:+9647701210113,70,50,2026-04-02 11:32:20.06+00,true,false
6f60ba68-4bd9-42d4-a01d-ff848253e47c,کافتریای ڕۆتردام,Rotterdam Cafe,,,,,Sulaymaniyah,Sulaymaniyah,Iraq,35.56190690,45.41587400,Cafe,cafe,,,,,,osm,partial,false,2026-04-02 11:32:20.446875+00,2026-04-02 11:32:20.446875+00,2026-04-02 11:32:20.446875+00,,"{""name"": ""کافتریای ڕۆتردام"", ""_extra"": {""name_ku"": ""كافترياي روتردام"", ""all_phones"": []}, ""amenity"": ""cafe"", ""name:ar"": ""كافتيريا روتردام"", ""name:en"": ""Rotterdam Cafe"", ""name:ku"": ""كافترياي روتردام"", ""internet_access"": ""wlan""}",کافتریای ڕۆتردام,,,,,,,,name:کافتریای ڕۆتردام|sulaymaniyah|cafe,35,50,2026-04-02 11:32:20.732+00,true,false
0c734d41-67c5-4f1b-82c0-32bb863bb0fe,كوراي كافي,Koray cafe,+9647707911662,https://instagram.com/koray_cafe,,22 Tuymaleek,Sulaymaniyah,Sulaymaniyah,Iraq,35.56718930,45.45177540,Cafe,cafe,,,,,,osm,real,false,2026-04-02 11:32:19.844213+00,2026-04-02 11:32:19.844213+00,2026-04-02 11:32:19.844213+00,,"{""name"": ""كوراي كافي"", ""phone"": ""07707911662"", ""_extra"": {""name_ku"": ""کۆرای کافی"", ""operator"": ""Chawan ibrahim"", ""all_phones"": [""07707911662""], ""opening_hours"": ""Mo-Su 10:00-03:00""}, ""amenity"": ""cafe"", ""name:en"": ""Koray cafe"", ""name:ku"": ""کۆرای کافی"", ""website"": ""https://instagram.com/koray_cafe"", ""operator"": ""Chawan ibrahim"", ""addr:street"": ""22 Tuymaleek"", ""opening_hours"": ""Mo-Su 10:00-03:00"", ""internet_access"": ""wlan""}",كوراى كافى,+9647707911662,22 tuymaleek,https://instagram.com/koray_cafe,,,,,phone:+9647707911662,75,50,2026-04-02 11:32:20.06+00,true,false
211de217-c358-4d40-9e45-e5db94abdfad,Dilman Cafe,,+9647721571814,,,22-Tuymaleek,As Sulaymanyah,Sulaymaniyah,Iraq,35.56534330,45.45054030,Cafe,cafe,,,,,,osm,real,false,2026-04-02 11:32:19.844213+00,2026-04-02 11:32:19.844213+00,2026-04-02 11:32:19.844213+00,,"{""name"": ""Dilman Cafe"", ""phone"": ""0772 157 1814"", ""_extra"": {""cuisine"": ""american"", ""name_ku"": ""دیلمان کافێ"", ""postcode"": ""46001"", ""all_phones"": [""0772 157 1814""], ""opening_hours"": ""24/7""}, ""amenity"": ""cafe"", ""cuisine"": ""american"", ""name:ku"": ""دیلمان کافێ"", ""addr:city"": ""As Sulaymanyah"", ""addr:street"": ""22-Tuymaleek"", ""addr:postcode"": ""46001"", ""opening_hours"": ""24/7""}",dilman cafe,+9647721571814,22-tuymaleek,,,,,,phone:+9647721571814,70,50,2026-04-02 11:32:20.06+00,true,false
d82feb20-7b9d-402e-ba27-171ba811ba77,Pardos rest & caffee,Pardos rest & caffee,+9647709586100,,pardos.caffe@yahoo.com,Peramerd Street,Sulaymaniyah,Sulaymaniyah,Iraq,35.57102240,45.45475940,Cafe,cafe,,,,,,osm,real,false,2026-04-02 11:32:19.844213+00,2026-04-02 11:32:19.844213+00,2026-04-02 11:32:19.844213+00,,"{""name"": ""Pardos rest & caffee"", ""email"": ""pardos.caffe@yahoo.com"", ""phone"": ""07709586100"", ""_extra"": {""cuisine"": ""burger;ice_cream;crepe;cake;coffee_shop;steak_house;pasta;pizza;fish_and_chips;diner;chicken;italian_pizza;turkish;fish;breakfast;tea"", ""name_ku"": ""ڕێستورانت و کافێی پاردۆس"", ""postcode"": ""64001"", ""all_phones"": [""07709586100""], ""opening_hours"": ""Mo-Su 11:00-12:00""}, ""amenity"": ""cafe"", ""cuisine"": ""burger;ice_cream;crepe;cake;coffee_shop;steak_house;pasta;pizza;fish_and_chips;diner;chicken;italian_pizza;turkish;fish;breakfast;tea"", ""name:ar"": ""ڕێستورانت و کافێی پاردۆس"", ""name:en"": ""Pardos rest & caffee"", ""name:ku"": ""ڕێستورانت و کافێی پاردۆس"", ""addr:street"": ""Peramerd Street"", ""addr:postcode"": ""64001"", ""opening_hours"": ""Mo-Su 11:00-12:00"", ""internet_access"": ""wlan""}",pardos rest & caffee,+9647709586100,peramerd street,,,,,,phone:+9647709586100,75,50,2026-04-02 11:32:20.06+00,true,false
3fb15a44-b6ed-4aa7-b0d9-f978d65aa8ee,limited caffe,limited caffe,+9647703540032,,soranmany@gmail.com,Qasimlo Street,Sulaymaniyah,Sulaymaniyah,Iraq,35.59474960,45.43315810,Cafe,cafe,,,,,,osm,real,false,2026-04-02 11:32:19.844213+00,2026-04-02 11:32:19.844213+00,2026-04-02 11:32:19.844213+00,,"{""name"": ""limited caffe"", ""email"": ""soranmany@gmail.com"", ""phone"": ""07703540032"", ""_extra"": {""cuisine"": ""asian"", ""name_ku"": ""limited caffe"", ""postcode"": ""00964"", ""all_phones"": [""07703540032""], ""opening_hours"": ""24/7""}, ""amenity"": ""cafe"", ""cuisine"": ""asian"", ""name:ar"": ""limited caffe"", ""name:en"": ""limited caffe"", ""name:ku"": ""limited caffe"", ""addr:street"": ""Qasimlo Street"", ""addr:postcode"": ""00964"", ""opening_hours"": ""24/7"", ""internet_access"": ""wlan""}",limited caffe,+9647703540032,qasimlo street,,,,,,phone:+9647703540032,75,50,2026-04-02 11:32:20.06+00,true,false
4ffacffe-da7f-4a7e-ae5e-ea479b3421ad,Music Cafe,,+9647731520202,,,22 Piramerd,As Sulaymanyah,Sulaymaniyah,Iraq,35.56379020,45.44931010,Cafe,cafe,,,,,,osm,real,false,2026-04-02 11:32:19.844213+00,2026-04-02 11:32:19.844213+00,2026-04-02 11:32:19.844213+00,,"{""name"": ""Music Cafe"", ""phone"": ""+96407731520202"", ""_extra"": {""cuisine"": ""cafe"", ""postcode"": ""46001"", ""all_phones"": [""+96407731520202""], ""opening_hours"": ""24/7""}, ""amenity"": ""cafe"", ""cuisine"": ""cafe"", ""building"": ""yes"", ""addr:city"": ""As Sulaymanyah"", ""addr:street"": ""22 Piramerd"", ""addr:postcode"": ""46001"", ""opening_hours"": ""24/7"", ""internet_access"": ""yes"", ""internet_access:fee"": ""no""}",music cafe,+9647731520202,22 piramerd,,,,,,phone:+9647731520202,70,50,2026-04-02 11:32:20.06+00,true,false
36fdbba6-0c17-4803-ae33-5c33c7bd629d,Italya Ice-cream,,,,,,Sulaymaniyah,Sulaymaniyah,Iraq,35.55579060,45.36566130,Cafe,cafe,,,,,,osm,partial,false,2026-04-02 11:32:19.844213+00,2026-04-02 11:32:19.844213+00,2026-04-02 11:32:19.844213+00,,"{""name"": ""Italya Ice-cream"", ""_extra"": {""all_phones"": []}, ""amenity"": ""cafe"", ""internet_access"": ""yes"", ""outdoor_seating"": ""yes"", ""internet_access:fee"": ""no""}",italya ice-cream,,,,,,,,name:italya ice-cream|sulaymaniyah|cafe,35,50,2026-04-02 11:32:20.06+00,true,false
035f9686-c056-498f-a76f-3d289b9bc4db,سەمونخانەی سۆما,,,,,,Sulaymaniyah,Sulaymaniyah,Iraq,35.54425030,45.40096330,Cafe,cafe,,,,,,osm,partial,false,2026-04-02 11:32:19.844213+00,2026-04-02 11:32:19.844213+00,2026-04-02 11:32:19.844213+00,,"{""name"": ""سەمونخانەی سۆما"", ""shop"": ""bakery"", ""_extra"": {""all_phones"": []}}",سەمونخانەی سۆما,,,,,,,,name:سەمونخانەی سۆما|sulaymaniyah|cafe,35,50,2026-04-02 11:32:20.06+00,true,false
0ddd6a40-3695-4120-9785-3009a012723c,Folklore,,,,,,Sulaymaniyah,Sulaymaniyah,Iraq,35.54451590,45.40141450,Cafe,cafe,,,,,,osm,partial,false,2026-04-02 11:32:19.844213+00,2026-04-02 11:32:19.844213+00,2026-04-02 11:32:19.844213+00,,"{""name"": ""Folklore"", ""shop"": ""bakery"", ""_extra"": {""all_phones"": []}, ""name:ckb"": ""فۆلکلۆر""}",folklore,,,,,,,,name:folklore|sulaymaniyah|cafe,35,50,2026-04-02 11:32:20.06+00,true,false
170ea525-3423-46f1-9bf3-cd1d62795216,قاوة خانةى كؤمپانياى بةريز,,,,,,Sulaymaniyah,Sulaymaniyah,Iraq,35.53686540,45.44310580,Cafe,cafe,,,,,,osm,partial,false,2026-04-02 11:32:19.844213+00,2026-04-02 11:32:19.844213+00,2026-04-02 11:32:19.844213+00,,"{""name"": ""قاوة خانةى كؤمپانياى بةريز"", ""_extra"": {""name_ku"": ""قاوة خانةى كؤمپانياى بةريز"", ""all_phones"": []}, ""amenity"": ""cafe"", ""name:ar"": ""مقهى بريز"", ""name:ku"": ""قاوة خانةى كؤمپانياى بةريز""}",قاوه خانهى كومپانىاى بهرىز,,,,,,,,name:قاوه خانهى كومپانىاى بهرىز|sulaymaniyah|cafe,35,50,2026-04-02 11:32:20.06+00,true,false
45a75f3b-ec97-4fad-9764-2be3de359a7e,کافتریا نیلە,Nila Cafe,,,,,سلێمانی,Sulaymaniyah,Iraq,35.56094000,45.40362200,Cafe,cafe,,,,,,osm,partial,false,2026-04-02 11:32:19.844213+00,2026-04-02 11:32:19.844213+00,2026-04-02 11:32:19.844213+00,,"{""name"": ""کافتریا نیلە"", ""_extra"": {""name_ku"": ""کافتریای نیلە"", ""all_phones"": []}, ""amenity"": ""cafe"", ""name:ar"": ""کافتریا نیلە"", ""name:en"": ""Nila Cafe"", ""name:ku"": ""کافتریای نیلە"", ""addr:city"": ""سلێمانی""}",کافتریا نیلە,,,,,,,,name:کافتریا نیلە|سلێمانی|cafe,35,50,2026-04-02 11:32:20.06+00,true,false
03194f04-5c03-4da5-b485-6ad88e64db40,سەموونخانەی ئاوا,Awa bakery,,,,,سلێمانی,Sulaymaniyah,Iraq,35.56286250,45.40751010,Cafe,cafe,,,,,,osm,partial,false,2026-04-02 11:32:19.844213+00,2026-04-02 11:32:19.844213+00,2026-04-02 11:32:19.844213+00,,"{""name"": ""سەموونخانەی ئاوا"", ""shop"": ""bakery"", ""_extra"": {""name_ku"": ""سه موونخانه ى ئاوا"", ""all_phones"": []}, ""name:en"": ""Awa bakery"", ""name:ku"": ""سه موونخانه ى ئاوا"", ""addr:city"": ""سلێمانی""}",سەموونخانەی ىاوا,,,,,,,,name:سەموونخانەی ىاوا|سلێمانی|cafe,35,50,2026-04-02 11:32:20.06+00,true,false
56fcdbba-cc6e-45a3-b378-38decae5e960,Seholeke,,,,,,سلێمانی,Sulaymaniyah,Iraq,35.56298040,45.40600680,Cafe,cafe,,,,,,osm,partial,false,2026-04-02 11:32:20.446875+00,2026-04-02 11:32:20.446875+00,2026-04-02 11:32:20.446875+00,,"{""name"": ""Seholeke"", ""_extra"": {""all_phones"": []}, ""amenity"": ""cafe"", ""addr:city"": ""سلێمانی""}",seholeke,,,,,,,,name:seholeke|سلێمانی|cafe,35,50,2026-04-02 11:32:20.732+00,true,false
df4233b3-d218-4489-ba50-66f686b72474,ماڵی ئاغا ۲,masy dabashany nwe,,,,,Sulaymaniyah,Sulaymaniyah,Iraq,35.56072920,45.41287080,Cafe,cafe,,,,,,osm,partial,false,2026-04-02 11:32:20.446875+00,2026-04-02 11:32:20.446875+00,2026-04-02 11:32:20.446875+00,,"{""name"": ""ماڵی ئاغا ۲"", ""_extra"": {""all_phones"": []}, ""amenity"": ""cafe"", ""name:en"": ""masy dabashany nwe""}",ماڵی ىاغا ۲,,,,,,,,name:ماڵی ىاغا ۲|sulaymaniyah|cafe,35,50,2026-04-02 11:32:20.732+00,true,false
ac6e1eb8-16b4-4b95-b72a-7c34a0bdc4ef,سەموونخانەی شێخ محێدین,samon,,,,403-28,Sulaymaniyah,Sulaymaniyah,Iraq,35.55247100,45.41776700,Cafe,cafe,,,,,,osm,real,false,2026-04-02 11:32:20.446875+00,2026-04-02 11:32:20.446875+00,2026-04-02 11:32:20.446875+00,,"{""name"": ""سەموونخانەی شێخ محێدین"", ""shop"": ""bakery"", ""_extra"": {""name_ku"": ""سه مون خانه ى شيخ محي الدين"", ""all_phones"": [], ""opening_hours"": ""24/7""}, ""name:ar"": ""معمل صمون شيخ محي الدين"", ""name:en"": ""samon"", ""name:ku"": ""سه مون خانه ى شيخ محي الدين"", ""tourism"": ""picnic_site"", ""addr:street"": ""403-28"", ""opening_hours"": ""24/7"", ""internet_access"": ""wlan""}",سەموونخانەی شێخ محێدین,,403-28,,,,,,name:سەموونخانەی شێخ محێدین|sulaymaniyah|cafe,50,50,2026-04-02 11:32:20.732+00,true,false
dc10f62e-a409-4295-8f63-f1018a4bc8fd,قۆریە شکاو,Qorya shkaw,,,,Salim Street,Sulaymaniyah,Sulaymaniyah,Iraq,35.56060070,45.42296080,Cafe,cafe,,,,,,osm,real,false,2026-04-02 11:32:20.446875+00,2026-04-02 11:32:20.446875+00,2026-04-02 11:32:20.446875+00,,"{""name"": ""قۆریە شکاو"", ""_extra"": {""all_phones"": []}, ""amenity"": ""cafe"", ""name:en"": ""Qorya shkaw"", ""addr:street"": ""Salim Street""}",قۆریە شکاو,,salim street,,,,,,name:قۆریە شکاو|sulaymaniyah|cafe,50,50,2026-04-02 11:32:20.732+00,true,false
0f161580-4853-4679-ad6f-54da37008154,چایخانەی بەرانان,چایخانةی بةرانان-Baranan Tea House,,,,شارع سالم,Sulaymaniyah,Sulaymaniyah,Iraq,35.55910760,45.42193330,Cafe,cafe,,,,,,osm,real,false,2026-04-02 11:32:20.446875+00,2026-04-02 11:32:20.446875+00,2026-04-02 11:32:20.446875+00,,"{""name"": ""چایخانەی بەرانان"", ""_extra"": {""all_phones"": []}, ""amenity"": ""cafe"", ""name:en"": ""چایخانةی بةرانان-Baranan Tea House"", ""addr:street"": ""شارع سالم""}",چایخانەی بەرانان,,شارع سالم,,,,,,name:چایخانەی بەرانان|sulaymaniyah|cafe,50,50,2026-04-02 11:32:20.732+00,true,false
7786dfd2-7019-478b-b411-bf0e4dbb2dba,Dark Sky Cafe,,,,,,Sulaymaniyah,Sulaymaniyah,Iraq,35.55820450,45.42222290,Cafe,cafe,,,,,,osm,partial,false,2026-04-02 11:32:20.446875+00,2026-04-02 11:32:20.446875+00,2026-04-02 11:32:20.446875+00,,"{""name"": ""Dark Sky Cafe"", ""_extra"": {""all_phones"": []}, ""amenity"": ""cafe""}",dark sky cafe,,,,,,,,name:dark sky cafe|sulaymaniyah|cafe,35,50,2026-04-02 11:32:20.732+00,true,false
fd69f0b9-6190-4d93-9b96-c5562cb6ca9e,كوفي عمر,,,,,,Sulaymaniyah,Sulaymaniyah,Iraq,35.55989380,45.42138220,Cafe,cafe,,,,,,osm,partial,false,2026-04-02 11:32:20.446875+00,2026-04-02 11:32:20.446875+00,2026-04-02 11:32:20.446875+00,,"{""name"": ""كوفي عمر"", ""_extra"": {""all_phones"": []}, ""amenity"": ""cafe""}",كوفى عمر,,,,,,,,name:كوفى عمر|sulaymaniyah|cafe,35,50,2026-04-02 11:32:20.732+00,true,false
320fb35f-15bd-4a80-bbcc-795579de487b,کافتریای مەولانای خێزانی mawlana cafe,,,,,,Sulaymaniyah,Sulaymaniyah,Iraq,35.55973610,45.42759220,Cafe,cafe,,,,,,osm,partial,false,2026-04-02 11:32:20.446875+00,2026-04-02 11:32:20.446875+00,2026-04-02 11:32:20.446875+00,,"{""name"": ""کافتریای مەولانای خێزانی mawlana cafe"", ""_extra"": {""all_phones"": []}, ""amenity"": ""cafe""}",کافتریای مەولانای خێزانی mawlana cafe,,,,,,,,name:کافتریای مەولانای خێزانی mawlana cafe|sulaymaniyah|cafe,35,50,2026-04-02 11:32:20.732+00,true,false
5e93cf84-c6a7-407f-97f3-864f6c412fcc,چاخانەی کەیوان,kaiwan tea house,,,,"8, 404-5",Sulaymaniyah,Sulaymaniyah,Iraq,35.55895660,45.42317880,Cafe,cafe,,,,,,osm,real,false,2026-04-02 11:32:20.446875+00,2026-04-02 11:32:20.446875+00,2026-04-02 11:32:20.446875+00,,"{""name"": ""چاخانەی کەیوان"", ""_extra"": {""name_ku"": ""چاخانەی کەیوان"", ""operator"": ""kaiwan"", ""postcode"": ""10271"", ""all_phones"": [], ""opening_hours"": ""Mo-Su 10:00-01:00""}, ""amenity"": ""cafe"", ""name:ar"": ""شاى"", ""name:en"": ""kaiwan tea house"", ""name:ku"": ""چاخانەی کەیوان"", ""operator"": ""kaiwan"", ""addr:street"": ""404-5"", ""addr:postcode"": ""10271"", ""opening_hours"": ""Mo-Su 10:00-01:00"", ""addr:housenumber"": ""8""}",چاخانەی کەیوان,,"8, 404-5",,,,,,name:چاخانەی کەیوان|sulaymaniyah|cafe,50,50,2026-04-02 11:32:20.732+00,true,false
8c3452f3-3468-4f46-8564-da6990b17988,ئەمستردام کافێ,Amsterdam cafe,,,,,Sulaymaniyah,Sulaymaniyah,Iraq,35.55910780,45.42302710,Cafe,cafe,,,,,,osm,partial,false,2026-04-02 11:32:20.446875+00,2026-04-02 11:32:20.446875+00,2026-04-02 11:32:20.446875+00,,"{""name"": ""ئەمستردام کافێ"", ""_extra"": {""name_ku"": ""ئەمستردام کافێ"", ""all_phones"": []}, ""amenity"": ""cafe"", ""name:ar"": ""امستردام كافى"", ""name:en"": ""Amsterdam cafe"", ""name:ku"": ""ئەمستردام کافێ"", ""internet_access"": ""wlan""}",ىەمستردام کافێ,,,,,,,,name:ىەمستردام کافێ|sulaymaniyah|cafe,35,50,2026-04-02 11:32:20.732+00,true,false
24eae09b-d051-49d1-8f5c-4b163648076c,Chaixana,,,,,,Sulaymaniyah,Sulaymaniyah,Iraq,35.56018430,45.42805500,Cafe,cafe,,,,,,osm,partial,false,2026-04-02 11:32:20.446875+00,2026-04-02 11:32:20.446875+00,2026-04-02 11:32:20.446875+00,,"{""name"": ""Chaixana"", ""_extra"": {""name_ku"": ""چایخانە"", ""all_phones"": []}, ""amenity"": ""cafe"", ""name:ku"": ""چایخانە""}",chaixana,,,,,,,,name:chaixana|sulaymaniyah|cafe,35,50,2026-04-02 11:32:20.732+00,true,false
03305560-d929-4233-a40f-9653d33c4170,داریو کافیە,Dario Cafe,,,,,Sulaymaniyah,Sulaymaniyah,Iraq,35.56155100,45.42839490,Cafe,cafe,,,,,,osm,partial,false,2026-04-02 11:32:20.446875+00,2026-04-02 11:32:20.446875+00,2026-04-02 11:32:20.446875+00,,"{""name"": ""داریو کافیە"", ""_extra"": {""name_ku"": ""داریۆ کافێ"", ""all_phones"": []}, ""amenity"": ""cafe"", ""name:en"": ""Dario Cafe"", ""name:ku"": ""داریۆ کافێ""}",داریو کافیە,,,,,,,,name:داریو کافیە|sulaymaniyah|cafe,35,50,2026-04-02 11:32:20.732+00,true,false
0e72c07a-1bcd-4f9c-9bc6-50279137fdd8,كافتريات,,,,,,Sulaymaniyah,Sulaymaniyah,Iraq,35.55834090,45.42859930,Cafe,cafe,,,,,,osm,partial,false,2026-04-02 11:32:20.446875+00,2026-04-02 11:32:20.446875+00,2026-04-02 11:32:20.446875+00,,"{""name"": ""كافتريات"", ""_extra"": {""all_phones"": []}, ""amenity"": ""cafe""}",كافترىات,,,,,,,,name:كافترىات|sulaymaniyah|cafe,35,50,2026-04-02 11:32:20.732+00,true,false
1b949ad8-f19a-477f-974f-eefba083e9cd,Violet Cafe & fast food,,,,,شەقامی سالم,Sulaymaniyah,Sulaymaniyah,Iraq,35.55876880,45.42423350,Cafe,cafe,,,,,,osm,real,false,2026-04-02 11:32:20.446875+00,2026-04-02 11:32:20.446875+00,2026-04-02 11:32:20.446875+00,,"{""name"": ""Violet Cafe & fast food"", ""_extra"": {""all_phones"": []}, ""amenity"": ""cafe"", ""addr:city"": ""Sulaymaniyah"", ""addr:street"": ""شەقامی سالم""}",violet cafe & fast food,,شەقامی سالم,,,,,,name:violet cafe & fast food|sulaymaniyah|cafe,50,50,2026-04-02 11:32:20.732+00,true,false
620b63ee-2fa2-462b-bcab-9cbd7c3d2467,نانەوای ۆسکار,,,,,"٣٣, شێخان",سليمانية,Sulaymaniyah,Iraq,35.53996800,45.45167320,Cafe,cafe,,,,,,osm,real,false,2026-04-02 11:32:20.446875+00,2026-04-02 11:32:20.446875+00,2026-04-02 11:32:20.446875+00,,"{""name"": ""نانەوای ۆسکار"", ""shop"": ""bakery"", ""_extra"": {""all_phones"": [], ""opening_hours"": ""هەموو ڕۆژێک ٤ بەیانی تا ١٢ شەو جگە لە هەینی کە ١٢تا ١٢ نیوەڕۆ ئیشدەکەن""}, ""addr:city"": ""سليمانية"", ""addr:street"": ""شێخان"", ""opening_hours"": ""هەموو ڕۆژێک ٤ بەیانی تا ١٢ شەو جگە لە هەینی کە ١٢تا ١٢ نیوەڕۆ ئیشدەکەن"", ""addr:housenumber"": ""٣٣""}",نانەوای ۆسکار,,"٣٣, شێخان",,,,,,name:نانەوای ۆسکار|سليمانية|cafe,50,50,2026-04-02 11:32:20.732+00,true,false
f68e32b7-3d4a-44e0-be03-4b2526a2014e,کافتریا,cafe sara,,,,,Sulaymaniyah,Sulaymaniyah,Iraq,35.55607020,45.44219310,Cafe,cafe,,,,,,osm,partial,false,2026-04-02 11:32:20.446875+00,2026-04-02 11:32:20.446875+00,2026-04-02 11:32:20.446875+00,,"{""name"": ""کافتریا"", ""_extra"": {""all_phones"": [], ""opening_hours"": ""24/7""}, ""amenity"": ""cafe"", ""name:en"": ""cafe sara"", ""opening_hours"": ""24/7"", ""internet_access"": ""wlan""}",کافتریا,,,,,,,,name:کافتریا|sulaymaniyah|cafe,35,50,2026-04-02 11:32:20.732+00,true,false
64889b68-61d6-4fd5-8b94-da0f6124a144,Bardawam Qawa,,,,,,Sulaymaniyah,Sulaymaniyah,Iraq,35.55426870,45.43944890,Cafe,cafe,,,,,,osm,partial,false,2026-04-02 11:32:20.446875+00,2026-04-02 11:32:20.446875+00,2026-04-02 11:32:20.446875+00,,"{""name"": ""Bardawam Qawa"", ""_extra"": {""cuisine"": ""coffee_shop"", ""all_phones"": []}, ""amenity"": ""cafe"", ""cuisine"": ""coffee_shop""}",bardawam qawa,,,,,,,,name:bardawam qawa|sulaymaniyah|cafe,35,50,2026-04-02 11:32:20.732+00,true,false
ca639924-bc43-40aa-a76e-b9d2e3ba35f9,cultural cafe قاوەخانەی کلتوری,Cultural Cafe,,,,,Sulaymaniyah,Sulaymaniyah,Iraq,35.55811990,45.43261040,Cafe,cafe,,,,,,osm,partial,false,2026-04-02 11:32:20.446875+00,2026-04-02 11:32:20.446875+00,2026-04-02 11:32:20.446875+00,,"{""name"": ""cultural cafe قاوەخانەی کلتوری"", ""_extra"": {""name_ku"": ""قاوەخانەی کلتوری"", ""all_phones"": []}, ""amenity"": ""cafe"", ""name:en"": ""Cultural Cafe"", ""name:ku"": ""قاوەخانەی کلتوری""}",cultural cafe قاوەخانەی کلتوری,,,,,,,,name:cultural cafe قاوەخانەی کلتوری|sulaymaniyah|cafe,35,50,2026-04-02 11:32:20.732+00,true,false
c8ab4f9c-7e9f-4907-9337-3060a1c5588c,ماڵە دارینە,,,,,,Sulaymaniyah,Sulaymaniyah,Iraq,35.55859990,45.42982750,Cafe,cafe,,,,,,osm,partial,false,2026-04-02 11:32:20.446875+00,2026-04-02 11:32:20.446875+00,2026-04-02 11:32:20.446875+00,,"{""name"": ""ماڵە دارینە"", ""_extra"": {""all_phones"": []}, ""amenity"": ""cafe""}",ماڵە دارینە,,,,,,,,name:ماڵە دارینە|sulaymaniyah|cafe,35,50,2026-04-02 11:32:20.732+00,true,false
7e2f5791-48b7-49b0-9618-3034ef9a7cca,qawaxanay kltwry farmanbaran,coffee employe,,,,,Sulaymaniyah,Sulaymaniyah,Iraq,35.55807230,45.43497370,Cafe,cafe,,,,,,osm,partial,false,2026-04-02 11:32:20.446875+00,2026-04-02 11:32:20.446875+00,2026-04-02 11:32:20.446875+00,,"{""name"": ""qawaxanay kltwry farmanbaran"", ""_extra"": {""all_phones"": []}, ""amenity"": ""cafe"", ""name:en"": ""coffee employe""}",qawaxanay kltwry farmanbaran,,,,,,,,name:qawaxanay kltwry farmanbaran|sulaymaniyah|cafe,35,50,2026-04-02 11:32:20.732+00,true,false
a5150154-dffb-4ff1-bdf5-67919b0a70d6,کافێی جەماڵ عیرفان,Jamal Erfan Café,,,,شەقامی سالم,Sulaymaniyah,Sulaymaniyah,Iraq,35.55697100,45.43127760,Cafe,cafe,,,,,,osm,real,false,2026-04-02 11:32:20.446875+00,2026-04-02 11:32:20.446875+00,2026-04-02 11:32:20.446875+00,,"{""name"": ""کافێی جەماڵ عیرفان"", ""_extra"": {""cuisine"": ""tea;cake;coffee_shop"", ""postcode"": ""46001"", ""all_phones"": [], ""description"": ""Cafè and Bookshop"", ""opening_hours"": ""Mo-Su 10:00-22:00""}, ""amenity"": ""cafe"", ""cuisine"": ""tea;cake;coffee_shop"", ""name:en"": ""Jamal Erfan Café"", ""toilets"": ""yes"", ""addr:street"": ""شەقامی سالم"", ""description"": ""Cafè and Bookshop"", ""addr:postcode"": ""46001"", ""opening_hours"": ""Mo-Su 10:00-22:00"", ""internet_access"": ""wlan"", ""outdoor_seating"": ""no"", ""air_conditioning"": ""yes"", ""internet_access:fee"": ""no""}",کافێی جەماڵ عیرفان,,شەقامی سالم,,,,,,name:کافێی جەماڵ عیرفان|sulaymaniyah|cafe,50,50,2026-04-02 11:32:20.732+00,true,false
37baa7a6-1b1c-4233-b5c0-c60555005e3d,چياس كافێ,chias cafe,,,,,Sulaymaniyah,Sulaymaniyah,Iraq,35.55807540,45.43007670,Cafe,cafe,,,,,,osm,partial,false,2026-04-02 11:32:20.446875+00,2026-04-02 11:32:20.446875+00,2026-04-02 11:32:20.446875+00,,"{""name"": ""چياس كافێ"", ""_extra"": {""all_phones"": []}, ""amenity"": ""cafe"", ""name:en"": ""chias cafe""}",چىاس كافێ,,,,,,,,name:چىاس كافێ|sulaymaniyah|cafe,35,50,2026-04-02 11:32:20.732+00,true,false
48d66870-618c-49fe-9bd0-9ca546ffffc4,Container Cafe and Restaurant,Container Cafe and Restaurant,,,,,Sulaymaniyah,Sulaymaniyah,Iraq,35.56100540,45.43057360,Cafe,cafe,,https://www.facebook.com/containercafeandlounge/,,,,osm,partial,false,2026-04-02 11:32:20.446875+00,2026-04-02 11:32:20.446875+00,2026-04-02 11:32:20.446875+00,,"{""name"": ""Container Cafe and Restaurant"", ""_extra"": {""all_phones"": []}, ""amenity"": ""cafe"", ""name:en"": ""Container Cafe and Restaurant"", ""contact:facebook"": ""https://www.facebook.com/containercafeandlounge/""}",container cafe and restaurant,,,,containercafeandlounge,,,,fb:containercafeandlounge,40,50,2026-04-02 11:32:20.732+00,true,false
1286af99-8546-4c12-908f-1041ee6c84f1,كازينوي سحر,,,,,,Sulaymaniyah,Sulaymaniyah,Iraq,35.55734970,45.44215900,Cafe,cafe,,,,,,osm,partial,false,2026-04-02 11:32:20.446875+00,2026-04-02 11:32:20.446875+00,2026-04-02 11:32:20.446875+00,,"{""name"": ""كازينوي سحر"", ""_extra"": {""name_ku"": ""كازينوي سحر"", ""all_phones"": []}, ""amenity"": ""cafe"", ""name:ar"": ""مقهى سحر"", ""name:ku"": ""كازينوي سحر""}",كازىنوى سحر,,,,,,,,name:كازىنوى سحر|sulaymaniyah|cafe,35,50,2026-04-02 11:32:20.732+00,true,false
436cb3ee-39f4-4555-a1f0-3d47f9e15d80,چایخانە‌ و خواردە‌مە‌نی دبلن,Dublin Tea,,,,,Sulaymaniyah,Sulaymaniyah,Iraq,35.56092150,45.44043960,Cafe,cafe,,,,,,osm,partial,false,2026-04-02 11:32:20.446875+00,2026-04-02 11:32:20.446875+00,2026-04-02 11:32:20.446875+00,,"{""name"": ""چایخانە‌ و خواردە‌مە‌نی دبلن"", ""_extra"": {""cuisine"": ""tea"", ""postcode"": ""46001"", ""all_phones"": [], ""opening_hours"": ""Sa-Th 07:00-17:00""}, ""amenity"": ""cafe"", ""cuisine"": ""tea"", ""name:en"": ""Dublin Tea"", ""addr:postcode"": ""46001"", ""opening_hours"": ""Sa-Th 07:00-17:00""}",چایخانە‌ و خواردە‌مە‌نی دبلن,,,,,,,,name:چایخانە‌ و خواردە‌مە‌نی دبلن|sulaymaniyah|cafe,35,50,2026-04-02 11:32:20.732+00,true,false
53b5ad8d-6759-4b14-8dd5-6296871dff9b,چايخانه ى وه ستا رفيق,rafiq cafe,,,,Mawlawi Street,Sulaymaniyah,Sulaymaniyah,Iraq,35.55699040,45.44194240,Cafe,cafe,,,,,,osm,real,false,2026-04-02 11:32:20.446875+00,2026-04-02 11:32:20.446875+00,2026-04-02 11:32:20.446875+00,,"{""name"": ""چايخانه ى وه ستا رفيق"", ""_extra"": {""all_phones"": []}, ""amenity"": ""cafe"", ""name:ar"": ""مقهى اسطا رفيق"", ""name:en"": ""rafiq cafe"", ""addr:street"": ""Mawlawi Street""}",چاىخانه ى وه ستا رفىق,,mawlawi street,,,,,,name:چاىخانه ى وه ستا رفىق|sulaymaniyah|cafe,50,50,2026-04-02 11:32:20.732+00,true,false
93914366-2e7d-4cb6-9d2e-437a9835c374,چای سیلان,Silan Tea,,,,,Sulaymaniyah,Sulaymaniyah,Iraq,35.55759640,45.44194500,Cafe,cafe,,,,,,osm,partial,false,2026-04-02 11:32:20.446875+00,2026-04-02 11:32:20.446875+00,2026-04-02 11:32:20.446875+00,,"{""name"": ""چای سیلان"", ""_extra"": {""postcode"": ""46001"", ""all_phones"": [], ""opening_hours"": ""Mo-Su 08:00-19:00""}, ""amenity"": ""cafe"", ""name:en"": ""Silan Tea"", ""addr:postcode"": ""46001"", ""opening_hours"": ""Mo-Su 08:00-19:00""}",چای سیلان,,,,,,,,name:چای سیلان|sulaymaniyah|cafe,35,50,2026-04-02 11:32:20.732+00,true,false
fd47ad7b-be9f-41ac-b5eb-a77e6b3f46d5,chayxanay jmhury,,,,,,Sulaymaniyah,Sulaymaniyah,Iraq,35.55732900,45.44249800,Cafe,cafe,,,,,,osm,partial,false,2026-04-02 11:32:20.446875+00,2026-04-02 11:32:20.446875+00,2026-04-02 11:32:20.446875+00,,"{""name"": ""chayxanay jmhury"", ""_extra"": {""all_phones"": []}, ""amenity"": ""cafe""}",chayxanay jmhury,,,,,,,,name:chayxanay jmhury|sulaymaniyah|cafe,35,50,2026-04-02 11:32:20.732+00,true,false
d01c0503-fa32-4105-af62-7ccedc44f921,Ako Chkol Cafe,,,,,,Sulaymaniyah,Sulaymaniyah,Iraq,35.55672030,45.43814740,Cafe,cafe,,,,,,osm,partial,false,2026-04-02 11:32:20.446875+00,2026-04-02 11:32:20.446875+00,2026-04-02 11:32:20.446875+00,,"{""name"": ""Ako Chkol Cafe"", ""_extra"": {""all_phones"": []}, ""amenity"": ""cafe"", ""internet_access"": ""wlan""}",ako chkol cafe,,,,,,,,name:ako chkol cafe|sulaymaniyah|cafe,35,50,2026-04-02 11:32:20.732+00,true,false
03952032-9dc6-4365-9b54-09300a0f76f7,ناو بازار,,,,,,Sulaymaniyah,Sulaymaniyah,Iraq,35.55999290,45.44181010,Cafe,cafe,,,,,,osm,partial,false,2026-04-02 11:32:20.446875+00,2026-04-02 11:32:20.446875+00,2026-04-02 11:32:20.446875+00,,"{""name"": ""ناو بازار"", ""shop"": ""bakery"", ""_extra"": {""name_ku"": ""Naw bazar"", ""all_phones"": []}, ""name:ku"": ""Naw bazar""}",ناو بازار,,,,,,,,name:ناو بازار|sulaymaniyah|cafe,35,50,2026-04-02 11:32:20.732+00,true,false
06457f07-1823-48a9-a690-4d61e98cf543,كافترياى باشترين,Bashtren Cafe,,,,,Sulaymaniyah,Sulaymaniyah,Iraq,35.55614620,45.44508970,Cafe,cafe,,,,,,osm,partial,false,2026-04-02 11:32:20.446875+00,2026-04-02 11:32:20.446875+00,2026-04-02 11:32:20.446875+00,,"{""name"": ""كافترياى باشترين"", ""_extra"": {""all_phones"": []}, ""amenity"": ""cafe"", ""name:ar"": ""باشترين كوفي"", ""name:en"": ""Bashtren Cafe"", ""name:ckb"": ""كافترياى باشترين""}",كافترىاى باشترىن,,,,,,,,name:كافترىاى باشترىن|sulaymaniyah|cafe,35,50,2026-04-02 11:32:20.732+00,true,false
235d282f-8ced-4f0e-b283-69c33e6fc525,عوسمان,,,,,,Sulaymaniyah,Sulaymaniyah,Iraq,35.55461310,45.45123890,Cafe,cafe,,,,,,osm,partial,false,2026-04-02 11:32:20.446875+00,2026-04-02 11:32:20.446875+00,2026-04-02 11:32:20.446875+00,,"{""name"": ""عوسمان"", ""shop"": ""bakery"", ""_extra"": {""name_ku"": ""عوسمان"", ""all_phones"": []}, ""name:ku"": ""عوسمان""}",عوسمان,,,,,,,,name:عوسمان|sulaymaniyah|cafe,35,50,2026-04-02 11:32:20.732+00,true,false
d84740da-d5d3-4352-90ee-d9d629bdcf9b,کافێی ئۆرزدی,,,,,,Sulaymaniyah,Sulaymaniyah,Iraq,35.55716780,45.44879490,Cafe,cafe,,,,,,osm,partial,false,2026-04-02 11:32:20.446875+00,2026-04-02 11:32:20.446875+00,2026-04-02 11:32:20.446875+00,,"{""name"": ""کافێی ئۆرزدی"", ""_extra"": {""all_phones"": []}, ""amenity"": ""cafe""}",کافێی ىۆرزدی,,,,,,,,name:کافێی ىۆرزدی|sulaymaniyah|cafe,35,50,2026-04-02 11:32:20.732+00,true,false
90f8828b-3448-4160-af5c-0cc764e83eb6,پێنجوێن کافێ,کافتریای پێنجوێنیەکان,,,,Orzdi Main Street,Sulaymaniyah,Sulaymaniyah,Iraq,35.55730850,45.44447040,Cafe,cafe,,,,,,osm,real,false,2026-04-02 11:32:20.446875+00,2026-04-02 11:32:20.446875+00,2026-04-02 11:32:20.446875+00,,"{""name"": ""پێنجوێن کافێ"", ""_extra"": {""name_ku"": ""پێنجوێن کافێ"", ""operator"": ""وەستا ئەحمەد/مامۆستا ئومێد"", ""all_phones"": [], ""opening_hours"": ""Mo-Su 07:00-00:00""}, ""amenity"": ""cafe"", ""name:en"": ""کافتریای پێنجوێنیەکان"", ""name:ku"": ""پێنجوێن کافێ"", ""operator"": ""وەستا ئەحمەد/مامۆستا ئومێد"", ""addr:street"": ""Orzdi Main Street"", ""opening_hours"": ""Mo-Su 07:00-00:00"", ""internet_access"": ""wlan""}",پێنجوێن کافێ,,orzdi main street,,,,,,name:پێنجوێن کافێ|sulaymaniyah|cafe,50,50,2026-04-02 11:32:20.732+00,true,false
9113298b-32ff-4206-8559-fa73701007c1,چایخانەی هەردی,Hardi Cafe,,,,,Sulaymaniyah,Sulaymaniyah,Iraq,35.55734050,45.44618600,Cafe,cafe,,,,,,osm,partial,false,2026-04-02 11:32:20.446875+00,2026-04-02 11:32:20.446875+00,2026-04-02 11:32:20.446875+00,,"{""name"": ""چایخانەی هەردی"", ""_extra"": {""all_phones"": []}, ""amenity"": ""cafe"", ""name:en"": ""Hardi Cafe""}",چایخانەی هەردی,,,,,,,,name:چایخانەی هەردی|sulaymaniyah|cafe,35,50,2026-04-02 11:32:20.732+00,true,false
50abc0a6-d7a2-4d50-83da-6bb87ae4ced2,فڕنی سەموون,,,,,,Sulaymaniyah,Sulaymaniyah,Iraq,35.55689290,45.44308160,Cafe,cafe,,,,,,osm,partial,false,2026-04-02 11:32:20.446875+00,2026-04-02 11:32:20.446875+00,2026-04-02 11:32:20.446875+00,,"{""name"": ""فڕنی سەموون"", ""shop"": ""bakery"", ""_extra"": {""all_phones"": []}}",فڕنی سەموون,,,,,,,,name:فڕنی سەموون|sulaymaniyah|cafe,35,50,2026-04-02 11:32:20.732+00,true,false
f66dd389-0f43-4a90-a0d4-7afd49286f7b,ھایما کافێ,Haima Cafe,,,,22 Piramerd,Sulaymaniyah,Sulaymaniyah,Iraq,35.55962080,45.44660370,Cafe,cafe,,,,,,osm,real,false,2026-04-02 11:32:20.446875+00,2026-04-02 11:32:20.446875+00,2026-04-02 11:32:20.446875+00,,"{""name"": ""ھایما کافێ"", ""_extra"": {""all_phones"": [], ""opening_hours"": ""24/7""}, ""amenity"": ""cafe"", ""name:ar"": ""ھایما کافی"", ""name:en"": ""Haima Cafe"", ""addr:street"": ""22 Piramerd"", ""opening_hours"": ""24/7""}",ھایما کافێ,,22 piramerd,,,,,,name:ھایما کافێ|sulaymaniyah|cafe,50,50,2026-04-02 11:32:20.732+00,true,false
954a0d3d-ec60-4f01-8f61-9a82c392240e,نانە‌واخانە‌ی كۆپن ھاگن,Copenhagen Bakery,,,,22 Peramerd,Sulaymaniyah,Sulaymaniyah,Iraq,35.55862810,45.44428040,Cafe,cafe,,,,,,osm,real,false,2026-04-02 11:32:20.446875+00,2026-04-02 11:32:20.446875+00,2026-04-02 11:32:20.446875+00,,"{""name"": ""نانە‌واخانە‌ی كۆپن ھاگن"", ""shop"": ""bakery"", ""_extra"": {""postcode"": ""46001"", ""all_phones"": [], ""opening_hours"": ""Sa-Th 08:00-14:00""}, ""name:en"": ""Copenhagen Bakery"", ""addr:street"": ""22 Peramerd"", ""addr:postcode"": ""46001"", ""opening_hours"": ""Sa-Th 08:00-14:00""}",نانە‌واخانە‌ی كۆپن ھاگن,,22 peramerd,,,,,,name:نانە‌واخانە‌ی كۆپن ھاگن|sulaymaniyah|cafe,50,50,2026-04-02 11:32:20.732+00,true,false
0e4e34c3-69be-4657-bffe-5fdb2743cc73,B Cafe,B Cafee,,,,,Sulaymaniyah,Sulaymaniyah,Iraq,35.55675100,45.44782930,Cafe,cafe,,,,,,osm,partial,false,2026-04-02 11:32:20.446875+00,2026-04-02 11:32:20.446875+00,2026-04-02 11:32:20.446875+00,,"{""name"": ""B Cafe"", ""_extra"": {""all_phones"": []}, ""amenity"": ""cafe"", ""name:en"": ""B Cafee""}",b cafe,,,,,,,,name:b cafe|sulaymaniyah|cafe,35,50,2026-04-02 11:32:20.732+00,true,false
e95d79bc-a117-4e2e-b8ad-a2aedde7019d,چایخانەی شاکۆ,Shako Tea and Cafe,,,,شارع كوران,Sulaymaniyah,Sulaymaniyah,Iraq,35.55676730,45.44623090,Cafe,cafe,,,,,,osm,real,false,2026-04-02 11:32:20.446875+00,2026-04-02 11:32:20.446875+00,2026-04-02 11:32:20.446875+00,,"{""name"": ""چایخانەی شاکۆ"", ""_extra"": {""all_phones"": []}, ""amenity"": ""cafe"", ""name:en"": ""Shako Tea and Cafe"", ""addr:street"": ""شارع كوران""}",چایخانەی شاکۆ,,شارع كوران,,,,,,name:چایخانەی شاکۆ|sulaymaniyah|cafe,50,50,2026-04-02 11:32:20.732+00,true,false
4be6fdb8-cdc8-4499-a611-665810dcfb7c,Lima Cafe,,,,,,Sulaymaniyah,Sulaymaniyah,Iraq,35.55679830,45.44490120,Cafe,cafe,,,,,,osm,partial,false,2026-04-02 11:32:20.446875+00,2026-04-02 11:32:20.446875+00,2026-04-02 11:32:20.446875+00,,"{""name"": ""Lima Cafe"", ""_extra"": {""all_phones"": []}, ""amenity"": ""cafe""}",lima cafe,,,,,,,,name:lima cafe|sulaymaniyah|cafe,35,50,2026-04-02 11:32:20.732+00,true,false
8c4e15e0-4ba2-41f7-b009-fc11d82a0b95,كوفي تحفة m&h,,,,,,Sulaymaniyah,Sulaymaniyah,Iraq,35.55698810,45.44617220,Cafe,cafe,,,,,,osm,partial,false,2026-04-02 11:32:20.446875+00,2026-04-02 11:32:20.446875+00,2026-04-02 11:32:20.446875+00,,"{""name"": ""كوفي تحفة m&h"", ""_extra"": {""all_phones"": []}, ""amenity"": ""cafe""}",كوفى تحفه m&h,,,,,,,,name:كوفى تحفه m&h|sulaymaniyah|cafe,35,50,2026-04-02 11:32:20.732+00,true,false
9fa85a71-0566-43f9-b73c-89476debf331,Med reps' cafe,,,,,,Sulaymaniyah,Sulaymaniyah,Iraq,35.55659390,45.44962770,Cafe,cafe,,,,,,osm,partial,false,2026-04-02 11:32:20.446875+00,2026-04-02 11:32:20.446875+00,2026-04-02 11:32:20.446875+00,,"{""name"": ""Med reps' cafe"", ""_extra"": {""cuisine"": ""burger;sandwich;ice_cream;tea;cake;coffee_shop"", ""all_phones"": []}, ""amenity"": ""cafe"", ""cuisine"": ""burger;sandwich;ice_cream;tea;cake;coffee_shop""}",med reps' cafe,,,,,,,,name:med reps' cafe|sulaymaniyah|cafe,35,50,2026-04-02 11:32:20.732+00,true,false
e155621f-f2ab-4b27-908c-927e755e88fb,فڕنی دیاربەکر,,,,,,Sulaymaniyah,Sulaymaniyah,Iraq,35.52689760,45.46083740,Cafe,cafe,,,,,,osm,partial,false,2026-04-02 11:32:20.446875+00,2026-04-02 11:32:20.446875+00,2026-04-02 11:32:20.446875+00,,"{""name"": ""فڕنی دیاربەکر"", ""shop"": ""bakery"", ""_extra"": {""all_phones"": []}}",فڕنی دیاربەکر,,,,,,,,name:فڕنی دیاربەکر|sulaymaniyah|cafe,35,50,2026-04-02 11:32:20.732+00,true,false