name,name_en,phone,website,email,address,city,governorate,category,subcategory,latitude,longitude,facebook,instagram,data_quality,verified,source
hama james,,+9647719899405,http://snapchat/hamagyan2020.com,hamayk444@gmail.com,"11, Bakrajo",Sulaymaniyah,Sulaymaniyah,shopping,shop,,,,,real,,
"مارکێتی سەرکۆ",maly hama james,+9647719899405,http://Facebook/hamayk.com,hamayk444@gmail.com,"21, Bakrajo",Sulaymaniyah,Sulaymaniyah,shopping,shop,,,,,real,,
"سوق یارا",Yara market,+9647501884082,,sleman.abdulrahman@gmail.com,Bakrajo,Sulaymaniyah,Sulaymaniyah,shopping,shop,,,,,real,,
"کۆمپیتەر و مۆبایلی ڕێبین",Rebin for mobile and computer,+9647701242384,,r.rebin@icloud.com,Bakrajo,Sulaymaniyah,Sulaymaniyah,shopping,shop,,,,,real,,
Bwary Mobile,,+9647701937323,,,Bkrajo,"السليمانية",Sulaymaniyah,shopping,shop,,,,,real,,
Babagul Market,,+9647721520602,,,Chwar Chra- Dw Saidaka,"السليمانية",Sulaymaniyah,shopping,shop,,,,,real,,
Darya shop,,+9647700596000,,,"416, ڕێگای ئاوبارە - بەکرەجۆ","سلێمانی",Sulaymaniyah,shopping,shop,,,,,real,,
"سوق برهان",burhan market,+9647735452525,,,Pishasazi 416,Sulaymaniyah,Sulaymaniyah,shopping,shop,,,,,real,,
Saib City Market,,+9647700469995,,,,"سلێمانی",Sulaymaniyah,shopping,shop,,,,,real,,
Dana Market,,+9647511835303,,,Guly Shar,"السليمانية",Sulaymaniyah,shopping,shop,,,,,real,,
pedawesty mall,pedawesty mall,+9647702124413,,,,Sulaymaniyah,Sulaymaniyah,shopping,shop,,,,,real,,
"مینی مارکێتی شرام",Mini market guly mina,+9647702445470,,,,Sulaymaniyah,Sulaymaniyah,shopping,shop,,,,,real,,
Shadost Supermarket,,+9647504530003,,,Kurd City,"السليمانية",Sulaymaniyah,shopping,shop,,,,,real,,
Choman Mobile,Choman Mobile,+9647702486214,,,46001,Sulaymaniyah,Sulaymaniyah,shopping,shop,,,,,real,,
Sangar Tech,,+9647709907092,https://sangartech.com/,,401-70,Sulaymaniyah,Sulaymaniyah,shopping,shop,,,https://facebook.com/sangartech,,real,,
"سووپەر مارکێتی دیاردە",,+9647502214891,www.openstreetmap.com,,"qalawa, 405-16",slemany,Sulaymaniyah,shopping,shop,,,,,real,,
Halabja Market,,+9647701526067,,,Chwarbakh- Near Sulaimanyah Stadium,"السليمانية",Sulaymaniyah,shopping,shop,,,,,real,,
"ئاسیا فۆن",asiaphone salim,+9647711513333,,,Salim Street,Sulaymaniyah,Sulaymaniyah,shopping,shop,,,,,real,,
"هەرزان بازاڕی کۆژیار ٢",Kozhyar 2 Supermarket,+9647703909900,,,406-2,Sulaimanyah,Sulaymaniyah,shopping,shop,,,,,real,,
"تۆپ ئایتی",TopIT Company,+9647703328080,,,Salim Street,Sulaymaniyah,Sulaymaniyah,shopping,shop,,,,,real,,
"بالەی ئیلیان",Balay eilyan,+9647734660909,,,,Sulaymaniyah,Sulaymaniyah,shopping,shop,,,,,real,,
Elena Phone,,+9647700860001,,,"Al-Sulaymaniyah, Xabat, nzik fulkay xabat","السليمانية",Sulaymaniyah,shopping,shop,,,,,real,,
"جل و بەرگی پیاوان",Men’s fashion,+9647712245656,https://www.facebook.com/Balay.Awrupy.Rebaz/,,Malik Mahmud Street,Sulaymaniyah,Sulaymaniyah,shopping,shop,,,,,real,,
Manasa Market,,+9647701593756,,,Mama Yara- Near Mama Yara School,"السليمانية",Sulaymaniyah,shopping,shop,,,,,real,,
Maryam's Couture,,+9647704769292,maryamcouture.com,,Şeqamî Salim,Sulaimanyah,Sulaymaniyah,shopping,shop,,,,,real,,
"papula_gift store پەپولە گیفت",,+9647503163084,https://www.instagram.com/papula_gift_/?hl=en,,"964, ChwarBakh",Sulaymānīyah),Sulaymaniyah,shopping,shop,,,https://www.facebook.com/profile.php?id=100078937756682,,real,,
"ئاسیافون",asiaphone,+9647701513333,,,,Sulaymaniyah,Sulaymaniyah,shopping,shop,,,,,real,,
"ئەلکترۆ ئاکار",Akar Electric,+9647701518111,https://www.rak-group.com/,akar@rak-group.con,"3, Mawlawi Street",Sulaymaniyah,Sulaymaniyah,shopping,shop,,,,,real,,
"کوتاڵی کامەران",,+9647701945868,,,"77, Mawlawi Street","سلێمانی",Sulaymaniyah,shopping,shop,,,,,real,,
"صابر مام شكور",,+9647701535000,,,,"السليمانية",Sulaymaniyah,shopping,shop,,,,,real,,
"ابل للكرد",Apple For Kurd Reper Mobile,+9647502003545,https://www.appleforkurd.com/,th3m3nd@gmail.com,Mawlawi Street,Sulaymaniyah,Sulaymaniyah,shopping,shop,,,,,real,,
"جیهانی کریستاڵ",,+964533260777,,crystalworld-gc@hotmail.com,,Sulaymaniyah,Sulaymaniyah,shopping,shop,,,,,real,,
"ماستربلس",MasterPlus,+9647705053433,https://www.facebook.com/Master.plus.vip/,,"شەقامی مەولەوی",Sulaymaniyah,Sulaymaniyah,shopping,shop,,,,,real,,
"بيبي شيما",Baby Shaima,+9647701619941,,,"شەقامی کاوە",Sulaymaniyah,Sulaymaniyah,shopping,shop,,,,,real,,
"سەنتەری ھەتـاو",Hataw Center,+9647702240406,https://hataw.krd/,hataw.center@gmail.com,"شەقامی مەولەوی",Sulaymaniyah,Sulaymaniyah,shopping,shop,,,,,real,,
flagship store,,+9647722505151,,,"بەرامبەر LC Wakiki, شەقامی مەولەوی","سلێمانی",Sulaymaniyah,shopping,shop,,,,,real,,
Sun natoo company,,+9647701919600,,,"457, شەقامی کاوە","سلێمانی",Sulaymaniyah,shopping,shop,,,,,real,,
"ستایلەر کۆلێکشن",styler collection,+9647501080000,https://instagram.com/styler_collection,,"1, 101-52",sulaymanyiah,Sulaymaniyah,shopping,shop,,,,,real,,
Suli Shipping,,+9647705053323,https://www.trendyol.com/,msalahaddin29@yahoo.com,zara market street,Sulaymaniyah,Sulaymaniyah,shopping,shop,,,,,real,,
"شيب تو كردستان-سليمانية",ship to Kurdistan-slemani,+9647705053323,https://www.trendyol.com/,msalahaddin29@yahoo.com,zara street,Sulaymaniyah,Sulaymaniyah,shopping,shop,,,,,real,,
"پێشانگای شازیار",Shazyar's Show,+9647701572634,,,,Sulaymaniyah,Sulaymaniyah,shopping,shop,,,,,real,,
"موبایلی پۆڵا",Pola for Phone Services,+9647501111156,,,,Sulaymaniyah,Sulaymaniyah,shopping,shop,,,,,real,,
"وە‌رشە‌ی شنروێ",Shnirwe Workshop,+9647507304606,,,,Sulaymaniyah,Sulaymaniyah,shopping,shop,,,,,real,,
"متجر برادوست",Bradost Center,+9647701529726,http://Bradostceneter.iq,Bradostcenetr@mail.iq,"13, Kak Ahmadi Shekh Street 17",Sulaymaniyah,Sulaymaniyah,shopping,shop,,,,,real,,
"ئامانج فۆن",,+9647501119474,,,Jawazaka,"سلێمانی",Sulaymaniyah,shopping,shop,,,,,real,,
"پێشانگای ئەریکسۆن",Ericsson shop for selling all mobile device accessories,+9647701523925,,,"31, kawa Street",Sulaymaniyah,Sulaymaniyah,shopping,shop,,,,,real,,
"مۆرهەڵکەنی تەنیا",Tanya Stamping,+9647701917206,,,18 Sabwnkaran,Sulaymaniyah,Sulaymaniyah,shopping,shop,,,,,real,,
"ڕەوەز فۆن","rawaz phone-رةوةز فون",+9647701554833,http://rawazphone@gmail.com,,"شةقامي كاوة -بشت بازاري جةوازةكة -تةلاري حةمة سور -نهوومي دووةم ..دوكاني ژمارة (٣)",Sulaymaniyah,Sulaymaniyah,shopping,shop,,,,,real,,
"پيشانكاي inkax",peshangay inkax,+9647701047002,,,"شةقامي كاوة -بازاري جةوازةكة /دوكاني ژمارة (2)",Sulaymaniyah,Sulaymaniyah,shopping,shop,,,,,real,,
barham phone,,+9647701464368,"https://www.google.iq/maps/place/Barham+phone/@35.555808,45.4419378,556m/data=!3m1!1e3!4m6!3m5!1s0x40002d54e332d913:0xc1c23c1b30a6ea0f!8m2!3d35.5588451!4d45.445818!16s%2Fg%2F11h_dwjltg",,"HC4V+844, Sulaymaniyah 46001, HC4V+844, Sulaymaniyah 46001","السليمانية",Sulaymaniyah,shopping,shop,,,,,real,,
"ئەژی تێل",,+9647708885757,http://www.Facebook.com/AZHI.TEL,azhitel9@gmail.com,"07501687178, شەقامی کاوە","السليمانية",Sulaymaniyah,shopping,shop,,,,,real,,
Wsha Phone Company,,+9647701528756,https://www.facebook.com/WshaPhone,wsha.phone2021@gmail.com,"HC4V+68 Sulaymaniyah, HC4V+68 Sulaymaniyah","السليمانية",Sulaymaniyah,shopping,shop,,,,,real,,
Barham Phone,,+9647701464368,https://www.facebook.com/barhamphone,,"HC4V+844, Sulaymaniyah 46001, HC4V+844, Sulaymaniyah 46001","السليمانية",Sulaymaniyah,shopping,shop,,,,,real,,
"گەراجی بەختیار حاجی عارف",,+9647707904448,,,,Sulaymaniyah,Sulaymaniyah,shopping,shop,,,,,real,,
"موبايلي سه رده م",Sardam mobail,+9647511578363,,,,Sulaymaniyah,Sulaymaniyah,shopping,shop,,,,,real,,
"مكتب سردم",Sardam mobail and reper shop,+9647511578363,,,,Sulaymaniyah,Sulaymaniyah,shopping,shop,,,,,real,,
"فرۆشگای کریشما (بەختیار حاجی عارف)",,+9649641904448,,,"18 سابونکەران",Sulaymaniyah,Sulaymaniyah,shopping,shop,,,,,real,,
"فرۆشگای ڕێژنە",Rezhna mini market,+9647701934377,,,22 Peramerd,Sulaymaniyah,Sulaymaniyah,shopping,shop,,,,,real,,
"عیسی فۆن",Isa Phone,+9647501117325,,,22 Peramerd,Sulaymaniyah,Sulaymaniyah,shopping,shop,,,,,real,,
"ڕەوەز فۆن",inkax .. mobail,+9647701554833,http://faecbook./rawazphone@gmail.com,,"شةقامي كاوة",Sulaymaniyah,Sulaymaniyah,shopping,shop,,,,,real,,
"موبايل ديار",Dyar Apple,+9647701522312,,,22 Peramerd,Sulaymaniyah,Sulaymaniyah,shopping,shop,,,,,real,,
ViP Plus Center,,+9647717005445,,,"22 پیرەمێرد",Sulaymaniyah,Sulaymaniyah,shopping,shop,,,,,real,,
"موبايل ئەلەند",Aland Phone,+9647701574725,https://instagram.com/aland__phone,aland.phone199@gmail.com,"22 پیرەمێرد",Sulaymaniyah,Sulaymaniyah,shopping,shop,,,,,real,,
Poshaky Alan,,+9647701440204,,,"HC6V+4H2, Sulaymaniyah 46001, HC6V+4H2, Sulaymaniyah",Sulaymaniyah,Sulaymaniyah,shopping,shop,,,,,real,,
Dr Phone,Dr Phone,+9647724165050,,,,Sulaymaniyah,Sulaymaniyah,shopping,shop,,,,,real,,
"ماڵی هەژاران",Mally hazharan,+9647501363001,,,"https://maps.google.com/?q=35.587772,45.389008",Sulaymaniyah,Sulaymaniyah,shopping,shop,,,,,real,,
Asda Market,,+9647722140707,,,Sadaka- Opposite to Shahidan Park,"السليمانية",Sulaymaniyah,shopping,shop,,,,,real,,
atw phone,,+9647501832535,,,"azadi, 30 Meter Road",sulaymaniyah,Sulaymaniyah,shopping,shop,,,,,real,,
Mobile Rangala,,+9647702163235,,,Azady - 30m Street near Khawnakan Residential,"السليمانية",Sulaymaniyah,shopping,shop,,,,,real,,
Dyako Mobile,,+9647701496116,,,Azady,"السليمانية",Sulaymaniyah,shopping,shop,,,,,real,,
"جام مخزن","JAAM - Natural Spring Water, Warehouse",+9647705497700,https://www.jaamwater.com/,,60 Meter Road,Sulaymaniyah,Sulaymaniyah,shopping,shop,,,,,real,,
"كاردين",market kardin,+9647501223298,,,,Sulaymaniyah,Sulaymaniyah,shopping,shop,,,,,real,,
"بالەی ئەوروپیی قەیوان",balay awrupi qaiwan,+9647705061696,,Mahmud200891@gmail.com,,Sulaymaniyah,Sulaymaniyah,shopping,shop,,,,,real,,
Rezhwan Phone,,+9647700012313,https://rezhwan.net/,,,Sulaymaniyah,Sulaymaniyah,shopping,shop,,,,,real,,
Amazon Mobile,,+9647708637075,,,Raparin,"السليمانية",Sulaymaniyah,shopping,shop,,,,,real,,
"سندرلا 2",,+9647702261346,,,,Sulaymaniyah,Sulaymaniyah,shopping,shop,,,,,real,,
"مارکێت گوڵستان",,+9647701412558,,,,Sulaymaniyah,Sulaymaniyah,shopping,shop,,,,,real,,
"پێشانگای ڕێم",,+9647501554958,,,07736991561,Sulaymaniyah,Sulaymaniyah,shopping,shop,,,,,real,,
"پێشانگای کاک مقداد",,+9647736991561,,,,Sulaymaniyah,Sulaymaniyah,shopping,shop,,,,,real,,
"پێشانگای کاک مقداد",,+9647736991561,,,,Sulaymaniyah,Sulaymaniyah,shopping,shop,,,,,real,,
"فزاع الملكي للعطور",,+9647701772717,,,Kirkuk-Slemani Road,Sulaymaniyah,Sulaymaniyah,shopping,shop,,,,,real,,
"دارالتواضع",Dar-Al TAVAZO,+9647701510717,http://www.daraltavazo.com,info@daraltavazo.com,"1, Sulemany-Karkuk-Dukan Road",Sulaymaniyah,Sulaymaniyah,shopping,shop,,,,,real,,
"تيليهوم",Telehome,+9647703589171,http://www.Telehome.me,info@telehome.me,,"سلێمانی",Sulaymaniyah,shopping,shop,,,,,real,,
M CENTER VIP,,+9647700390505,,contact@mcentervip.com,"٣٩ جەمال عیرفان",Sulaymaniyah,Sulaymaniyah,shopping,shop,,,,,real,,
"مارکیتی میرستان",,+9647730718288,,,,Sulaymaniyah,Sulaymaniyah,shopping,shop,,,,,real,,
"وه رشه ی به ختیاری بو چاکردنی سپلیت",A C service,+9647708675278,,,,Sulaymaniyah,Sulaymaniyah,shopping,shop,,,,,real,,
"نوروز فون",Nawroz Phone,+9647717267630,,nawrozazad92@gmail.com,,Sulaymaniyah,Sulaymaniyah,shopping,shop,,,,,real,,
Apple Center,,+9647711523837,https://www.instagram.com/apple_cenetr?igsh=OTlldmUyZzU2ajZr,,"113, Tawar Street","سلێمانی",Sulaymaniyah,shopping,shop,,,,,real,,
"ياد فون",Yad Phone,+9647701539104,https://www.facebook.com/yadphone,yadphone@yahoo.com,"07701539104, 119-68","سلێمانی",Sulaymaniyah,shopping,shop,,,,,real,,
Nahro Mobile,,+9647734001010,,,Sarchinar- Shahidany Sarchinar,"السليمانية",Sulaymaniyah,shopping,shop,,,,,real,,
"ماڵی هەژاران",,+964750136001,,,74 Sherko Bekas,Sulaymaniyah,Sulaymaniyah,shopping,shop,,,,,real,,
Bawan Mobile,,+9647701057777,,,Farmanbaran- Near Rahman Mosque,"السليمانية",Sulaymaniyah,shopping,shop,,,,,real,,
"شؤرومى بةختياري، جبال موبايل","Jibal Mob, Showroom Bakhtyari.",+9647512196353,https://www.jibalmobile.com/,,,"سلێمانی",Sulaymaniyah,shopping,shop,,,,,real,,
"دراگۆن ڤەیپ",Dragon Vape,+9647707632910,,,,"سلێمانی",Sulaymaniyah,shopping,shop,,,,,real,,
Ajeb Store,,+9647700550660,http://www.ajebstore.com,info@ajebstore.com,"48, 126-24",Sulaymaniyah,Sulaymaniyah,shopping,shop,,,,,real,,
Apple Show (Zargata),,+9647704415454,,,Zargata- Near Zargata School,"السليمانية",Sulaymaniyah,shopping,shop,,,,,real,,
"لامو ميوزيك",Lamo music,+9647702162339,https://lamomusic.com/,diare8@yahoo.com,104-69,Sulaymaniyah,Sulaymaniyah,shopping,shop,,,,,real,,
"ميرفان",Mirvan,+9647701204995,,,,Sulaymaniyah,Sulaymaniyah,shopping,shop,,,,,real,,
"پۆشاکی دیاری",Poshaki Diyari,+9647701349999,,,28 Koraw,Sulaymaniyah,Sulaymaniyah,shopping,shop,,,,,real,,
Bokan Luxe,,+9647731838496,,,26 Ashti,Sulaymaniyah,Sulaymaniyah,shopping,shop,,,https://www.facebook.com/profile.php?id=61560663492028,,real,,
"معرض كامران",KAMARAN SHOW,+9647716577000,http://www.kamaranco.com,suli@kamaranco.com,Malik Mahmud Street,Sulaymaniyah,Sulaymaniyah,shopping,shop,,,,,real,,
"سيدني بيبي",Sydney Baby,+9647703114443,,,Malik Mahmud Street,Sulaymaniyah,Sulaymaniyah,shopping,shop,,,,,real,,
"فری پاوەر",Free Power,+9647511580123,https://m.facebook.com/solarkurdish0?mibextid=ZbWKwL,sarkooahmed@gmail.com,,Sulaymaniyah,Sulaymaniyah,shopping,shop,,,,,real,,
Italy Market (Etaly Market),,+9647701525638,,,,Sulaymaniyah,Sulaymaniyah,shopping,shop,,,,,real,,
"بەم لایت کۆمپانی",BAM light Company,+9647701520263,https://www.bamlight.com/,info@bamlight.com,"22, شەقامی مەلیک مەحمود",Sulaymaniyah,Sulaymaniyah,shopping,shop,,,,,real,,
"مۆبایلی ئاوارە",mobile awara,+9647708629262,,awara.920443@gmail.com,120-3,Sulaymaniyah,Sulaymaniyah,shopping,shop,,,,,real,,
"پۆشاک و بالەی ئایە",poshakw balai aya,+9647501062046,,,,Sulaymaniyah,Sulaymaniyah,shopping,shop,,,,,real,,
"پۆشاکی خانمان",SETRE,+9647704082004,https://m.facebook.com/SetreFashion/,,20 Saeed Kaban,"سلێمانی",Sulaymaniyah,shopping,shop,,,,,real,,
"كوين بيبي",Queen Baby,+9647706663930,https://www.instagram.com/queen_baby_sul.com,1993.rawa@gmail.com,112-15,Sulaymaniyah,Sulaymaniyah,shopping,shop,,,,,real,,
"کوین بەیبی",Queen Baby,+9647706663930,https://www.instagram.com/queen_baby_sul,,112-15,Sulaymaniyah,Sulaymaniyah,shopping,shop,,,,,real,,
"پاشافون",pashaphone,+9647708662247,,,213-3,Sulaymaniyah,Sulaymaniyah,shopping,shop,,,,,real,,
07708662247,,+9647708662247,,,213-3,Sulaymaniyah,Sulaymaniyah,shopping,shop,,,,,real,,
Hawkartop,,+9647709201510,,,30 Meter Road,suleimanyiah,Sulaymaniyah,shopping,shop,,,,,real,,
"کوتاڵی ئیدریس",kutali edris,+9647701473932,,,53 Alwand,Sulaymaniyah,Sulaymaniyah,shopping,shop,,,,,real,,
"ماڵی زیرەک کۆمپانیای MOF Eng","Smart Home, MOF Eng company",+9647709736141,http://www.mof-eng.com,mof.co.ceo@gmail.com,Malik Mahmud Street,Sulaymaniyah,Sulaymaniyah,shopping,shop,,,,,real,,
sewa gian,sewa gyan,+9647511919383,,yahyashex123@gmail.com,120-59,Sulaymaniyah,Sulaymaniyah,shopping,shop,,,,,real,,
"مارکێتی یەحیا",markety waran,+9647511919383,,yahyashex123@gmail.com,120-58,Sulaymaniyah,Sulaymaniyah,shopping,shop,,,,,real,,
"فەرش و کومباری ئەڤەن تاج",AvanTaj Carpet,+9647701840004,https://www.facebook.com/Avantaj.farsh.kumbar/,,"شەقامی مەلیک مەحمود",Sulaymaniyah,Sulaymaniyah,shopping,shop,,,,,real,,
"شوگەر فری",Sugar free,+9647707719897,https://www.facebook.com/Sugar.Free.Suly,,,Sulaymaniyah,Sulaymaniyah,shopping,shop,,,,,real,,
Milan Mobile,,+9647709587591,,,Kurdsat,"السليمانية",Sulaymaniyah,shopping,shop,,,,,real,,
"ئەندێشە",Andesha,+9647701921519,https://m.facebook.com/andesha-market-1463657646983428/,peshawa.o.aziz@gmail.com,30 Daban,Sulaymaniyah,Sulaymaniyah,shopping,shop,,,,,real,,
"کامەرانی هەڕاج ۱",kamarani haraj 1,+9647501918600,,,212-50,Sulaymaniyah,Sulaymaniyah,shopping,shop,,,,,real,,
"مۆبایلی ڤانە",Vana Phone,+9647700531761,,,,Sulaymaniyah,Sulaymaniyah,shopping,shop,,,,,real,,
"پێشانگای وەستا لطیف بۆپێداویستی بیناسازی","komar پێشانگای وەستا لطیف بۆپێداویستی بیناسازی",+9647507898688,,komarllatif@gmail.com,"مەلا داود",Sulaymaniyah,Sulaymaniyah,shopping,shop,,,,,real,,
Barham Phone,,+9647701464368,https://www.facebook.com/profile.php?id=100064196047243,,"HC4V+844, Sulaymaniyah 46001, HC4V+844, Sulaymaniyah 46001","السليمانية",Sulaymaniyah,shopping,shop,,,,,real,,
Valan collection,,+9647726919292,https://m.facebook.com/pg/ValanCollection,,39 Jamal Erfan,"سلێمانی",Sulaymaniyah,shopping,shop,,,,,real,,
Adela Boutique,,+9647701830404,https://www.instagram.com/adela.suli/,,39 Jamal Erfan,"سلێمانی",Sulaymaniyah,shopping,shop,,,,,real,,
Ranj Market,,,,,"Al-Sulaymaniyah, Bakrajo, Barambar Maktabi barda qaraman","السليمانية",Sulaymaniyah,shopping,shop,,,,,partial,,
"سوپه رماركيتى به خشين",supermarkete baxshin,,,,,Sulaymaniyah,Sulaymaniyah,shopping,shop,,,,,partial,,
Marketi Kanasura,,,,,"Al-Sulaymaniyah, Kanasura, nzik bazary kana sura","السليمانية",Sulaymaniyah,shopping,shop,,,,,partial,,
"مارکیتی گاردینیا",Markety gardynya,,,,,Sulaymaniyah,Sulaymaniyah,shopping,shop,,,,,partial,,
"دوکانی کاک جەماڵ",Mr. Jamal Store,,,,,Sulaymaniyah,Sulaymaniyah,shopping,shop,,,,,partial,,
"مارکێتی شاز",Shaz Market,,,,Bakrajo,Sulaymaniyah,Sulaymaniyah,shopping,shop,,,,,partial,,
"ماركيت شوك",Shook Market,,,,Bakrajo,Sulaymaniyah,Sulaymaniyah,shopping,shop,,,,,partial,,
parijan market,,,,,,Sulaymaniyah,Sulaymaniyah,shopping,shop,,,,,partial,,
"شارز",,,,,"به كره جو نزيك باخه كه","السليمانيه",Sulaymaniyah,shopping,shop,,,,,partial,,
"شوك",,,,,"بكره جو قريب باخه كه","السليمانيه",Sulaymaniyah,shopping,shop,,,,,partial,,
"توتو",,,,,"بكره و القديم امتداد شارع جراج ماجدي مول(توتو)","السليمانيه",Sulaymaniyah,shopping,shop,,,,,partial,,
Marketi Nano,,,,,"Al-Sulaymaniyah, Bakrajo, nzik mzgawti Abubakry Sdiq","السليمانية",Sulaymaniyah,shopping,shop,,,,,partial,,
"مارکێتی فەرهەنگ",market farhang,,,,,Sulaymaniyah,Sulaymaniyah,shopping,shop,,,,,partial,,
marketi mama gull,,,,,,Sulaymaniyah,Sulaymaniyah,shopping,shop,,,,,partial,,
"مارکێتی مامە گوڵ",markete mama gul,,,,,Sulaymaniyah,Sulaymaniyah,shopping,shop,,,,,partial,,
"المدينة",,,,,"الشارع الرئيسي من طريق ماجدي مول(المدينة)","السليمانيه",Sulaymaniyah,shopping,shop,,,,,partial,,
"نەخش و کوتاڵی ڕانیە",,,,,"ڕێگای بەکرەجۆی تازە",Sulaymaniyah,Sulaymaniyah,shopping,shop,,,,,partial,,
"بالما",,,,,"به كره جو تازه مقابل المقابر","السليمانيه",Sulaymaniyah,shopping,shop,,,,,partial,,
Marketi Vinos,,,,,"Al-Sulaymaniyah, Bakrajo, nzik katb adli bakrajo","السليمانية",Sulaymaniyah,shopping,shop,,,,,partial,,
Marketi Malak,,,,,"Al-Sulaymaniyah, bakrajoy taza, nzik samunxanay zamo","السليمانية",Sulaymaniyah,shopping,shop,,,,,partial,,
"قیوان شو",Qaiwan Show,,,,Bakrajo,Sulaymaniyah,Sulaymaniyah,shopping,shop,,,,,partial,,
"سەنتەرى مرۆ نما",mronma saner;Markety shary nwe,,,,,Sulaymaniyah,Sulaymaniyah,shopping,shop,,,,,partial,,
Barzy Center,,,,,,"السليمانية",Sulaymaniyah,shopping,shop,,,,,partial,,
"فرۆشگای چوارچرا",,,,,,Sulaymaniyah,Sulaymaniyah,shopping,shop,,,,,partial,,
"ادهم",,,,,"اسفل مجمع جوارجرا نوى(ادهم)","السليمانيه",Sulaymaniyah,shopping,shop,,,,,partial,,
Marketi Adham,,,,,"Al-Sulaymaniyah, Chwarchray nwe","السليمانية",Sulaymaniyah,shopping,shop,,,,,partial,,
Mobile Danyar,,,,,"Al-Sulaymaniyah, Chwarchra, barambar markazi chwarchra","السليمانية",Sulaymaniyah,shopping,shop,,,,,partial,,
Penjwen Phone,,,,,"Al-Sulaymaniyah, Chwarchra, barambar markazi chwarchra","السليمانية",Sulaymaniyah,shopping,shop,,,,,partial,,
Marketi Baba Gull,,,,,"Al-Sulaymaniyah, Chwarchra, barambar markazi chwarchra","السليمانية",Sulaymaniyah,shopping,shop,,,,,partial,,
Markety asna,Asna market,,,,Bakrajo-Awbara,Sulaymaniyah,Sulaymaniyah,shopping,shop,,,,,partial,,
King Market,King market,,,,,Sulaymaniyah,Sulaymaniyah,shopping,shop,,,,,partial,,
"محمد الكهربائي",,,,,"شەقامی مەلیک مەحمود",Sulaymaniyah,Sulaymaniyah,shopping,shop,,,,,partial,,
"کومپانیای شاره زور",,,,,,Sulaymaniyah,Sulaymaniyah,shopping,shop,,,,,partial,,
"سوق برهان",burhan company,,,,"ناوچەی پیشەسازی",Sulaymaniyah,Sulaymaniyah,shopping,shop,,,,,partial,,
"بلو ماركيت",blue market,,,,,"سلێمانی",Sulaymaniyah,shopping,shop,,,,,partial,,
"سوبرمارکیت فیردوس",Firdos,,,,,"سلێمانی",Sulaymaniyah,shopping,shop,,,,,partial,,
"فردوس",,,,,"رزكاري قبل جسر خسرو خال(فردوس)","السليمانيه",Sulaymaniyah,shopping,shop,,,,,partial,,
"ماركيتي دايم",,,,,,Sulaymaniyah,Sulaymaniyah,shopping,shop,,,,,partial,,
"مجمع شاري ماموستايان",,,,,"خلف منطقة جالا الصناعية-(شاري ماموستايان)","السليمانيه",Sulaymaniyah,shopping,shop,,,,,partial,,
"لوبنان ستی",Lubnan city,,,,,Sulaymaniyah,Sulaymaniyah,shopping,shop,,,,,partial,,
Marketi Drud,,,,,"Al-Sulaymaniyah, shex abas","السليمانية",Sulaymaniyah,shopping,shop,,,,,partial,,
"دووکانی موحەمەد",,,,,,Sulaymaniyah,Sulaymaniyah,shopping,shop,,,,,partial,,
Moliday qaratoghan,,,,,,Sulaymaniyah,Sulaymaniyah,shopping,shop,,,,,partial,,
Marketi Xaki Baban,,,,,"Al-Sulaymaniyah, Setwan, nzik mzgawti setwan","السليمانية",Sulaymaniyah,shopping,shop,,,,,partial,,
"مارکێتی ئەژیر(گوڵی سوور)",guli swr market,,,,,Sulaymaniyah,Sulaymaniyah,shopping,shop,,,,,partial,,
Mini Marketi Zhyar w Muhammed,,,,,"Al-Sulaymaniyah, Zerinok, nzik mzgawti siwail","السليمانية",Sulaymaniyah,shopping,shop,,,,,partial,,
Mini Marketi Darya,,,,,"Al-Sulaymaniyah, Setwan, xwar mzgawti setwan","السليمانية",Sulaymaniyah,shopping,shop,,,,,partial,,
Mobile Rayan,,,,,"Al-Sulaymaniyah, Setwan","السليمانية",Sulaymaniyah,shopping,shop,,,,,partial,,
"مارکێتی میلەت",Milat Market,,,,"00, 33 Shekh Salam",Sulaymaniyah,Sulaymaniyah,shopping,shop,,,,,partial,,
"هەفتە بازاڕی کورد",Hafta bazary kwrd,,,,,Sulaymaniyah,Sulaymaniyah,shopping,shop,,,,,partial,,
"كولي مينا",,,,,"كاني با  مقابل مسجد خير خوازي","السليمانيه",Sulaymaniyah,shopping,shop,,,,,partial,,
"فاروق",,,,,"جوار جرا  مقابل مجمع كورد سيتي","السليمانيه",Sulaymaniyah,shopping,shop,,,,,partial,,
"هه ناسه",,,,,"جوارجرا مقابل مجمع كورد سيتي","السليمانيه",Sulaymaniyah,shopping,shop,,,,,partial,,
"فروشكاي سارال ٢ جوارجرا",,,,,,Sulaymaniyah,Sulaymaniyah,shopping,shop,,,,,partial,,
Marketi UK,,,,,"Al-Sulaymaniyah, Chwarchra, nzik groupi halabja","السليمانية",Sulaymaniyah,shopping,shop,,,,,partial,,
"سۆپەر ماركێتی هاروون",,,,,,Sulaymaniyah,Sulaymaniyah,shopping,shop,,,,,partial,,
"گوڵی سەوسەن",,,,,"چوارچرا","سلێمانی",Sulaymaniyah,shopping,shop,,,,,partial,,
"كولي سه وسن",,,,,"جوار جرا الدوسايد الرئيسي كوي","السليمانيه",Sulaymaniyah,shopping,shop,,,,,partial,,
"هه رياد وله ياد",,,,,"جوار جرا مقابل شاره واني","السليمانيه",Sulaymaniyah,shopping,shop,,,,,partial,,
"ده شتيا",,,,,"جوار جرا  الدوسايد الرئيسي مقابل شاره واني","السليمانيه",Sulaymaniyah,shopping,shop,,,,,partial,,
"هارون",,,,,"شارع 60 مقابل سيروان جروب ومنطقة جوار جرا","السليمانيه",Sulaymaniyah,shopping,shop,,,,,partial,,
"مارکێتی عادل و ڕێباز",,,,,,Sulaymaniyah,Sulaymaniyah,shopping,shop,,,,,partial,,
"مول - كارفور - السليمانية",,,,,"فاملي مول السليمانيه","السليمانيه",Sulaymaniyah,shopping,shop,,,,,partial,,
Marketi Rebaz,,,,,"Al-Sulaymaniyah, Wluba, nzik maktabi razbar","السليمانية",Sulaymaniyah,shopping,shop,,,,,partial,,
"هەرزان بازاڕی دیاری",harzan bazare dery,,,,405-41,Sulaymaniyah,Sulaymaniyah,shopping,shop,,,,,partial,,
Mini Marketi Sardam Show,,,,,"Al-Sulaymaniyah, Sharawani, nzik mzgawti osman mala qadr","السليمانية",Sulaymaniyah,shopping,shop,,,,,partial,,
Marketi Ara,,,,,"Al-Sulaymaniyah, Sharawani, nzik Family Mall","السليمانية",Sulaymaniyah,shopping,shop,,,,,partial,,
"سوپەرمارکێتی عەتا",ata supermarket,,,,,"سلێمانی",Sulaymaniyah,shopping,shop,,,,,partial,,
"سوپەرمارکێتی سەمبا",samba supermarket,,,,,Sulaymaniyah,Sulaymaniyah,shopping,shop,,,,,partial,,
"بالەی دانا",,,,,407,"سلێمانی",Sulaymaniyah,shopping,shop,,,,,partial,,
"کەمالیاتی گۆران",,,,,407,"سلێمانی",Sulaymaniyah,shopping,shop,,,,,partial,,
"فاملي مول",,,,,,Sulaymaniyah,Sulaymaniyah,shopping,shop,,,,,partial,,
Mini Marketi Shazhn,,,,,"Al-Sulaymaniyah, Chwarchra, nzik banzinxanay sara","السليمانية",Sulaymaniyah,shopping,shop,,,,,partial,,
"دوکانی شەمسە",shamsa market,,,,,Sulaymaniyah,Sulaymaniyah,shopping,shop,,,,,partial,,
"ماركيت روزكار",rozhgar super market,,,,,Sulaymaniyah,Sulaymaniyah,shopping,shop,,,,,partial,,
"سووپەرمارکێتی ڕەند",,,,,shekh muhedin Main Road,shekh muhedin town,Sulaymaniyah,shopping,shop,,,,,partial,,
"عازبان",,,,,"شيخ محي الدين الدوسايد الرئيسي","السليمانيه",Sulaymaniyah,shopping,shop,,,,,partial,,
FastPay Showroom - Mawlawi,,,,,Sulaimaniyah- Mawlawi Street - Kulak Bazar,"السليمانية",Sulaymaniyah,shopping,shop,,,,,partial,,
Sheezad Karim Building,,,,,,Sulaymaniyah,Sulaymaniyah,shopping,shop,,,,,partial,,
"تاج ٢",Suparmarket Tag 2,,,,,"سلێمانی",Sulaymaniyah,shopping,shop,,,,,partial,,
"پێشانگای پێشەوا",peshawa shop,,,,Salim Street,"سلێمانی",Sulaymaniyah,shopping,shop,,,,,partial,,
Berllindress,,,,,,Sulaymaniyah,Sulaymaniyah,shopping,shop,,,,,partial,,
"سوبر ماركت تاج 2 - سليمانية",,,,,"رابرين","السليمانيه",Sulaymaniyah,shopping,shop,,,,,partial,,
"سه ردان",,,,,"رزكاري بجوار مسجد حه زرة ابراهيم وبجوار ماركت بلكيان 2","السليمانيه",Sulaymaniyah,shopping,shop,,,,,partial,,
"مارکێتی شوانە",,,,,,Sulaymaniyah,Sulaymaniyah,shopping,shop,,,,,partial,,
baren market,,,,,,Sulaymaniyah,Sulaymaniyah,shopping,shop,,,,,partial,,
Kani sard,,,,,,Sulaymaniyah,Sulaymaniyah,shopping,shop,,,,,partial,,
"مینی مارکێتی سەردار",sardar mini market,,,,404-20,Sulaymaniyah,Sulaymaniyah,shopping,shop,,,,,partial,,
Mini Marketi Sardar,,,,,"Al-Sulaymaniyah, Shex Mhedin, nzik mzgawti haji omer suse","السليمانية",Sulaymaniyah,shopping,shop,,,,,partial,,
Mobile Google Plus,,,,,"Al-Sulaymaniyah, Chwarbax","السليمانية",Sulaymaniyah,shopping,shop,,,,,partial,,
Marketi Chwarbax,,,,,"Al-Sulaymaniyah, chwarbax, barambar hariqaka","السليمانية",Sulaymaniyah,shopping,shop,,,,,partial,,
shaho,,,,,,Sulaymaniyah,Sulaymaniyah,shopping,shop,,,,,partial,,
fryad mobile,,,,,,"سليمانية",Sulaymaniyah,shopping,shop,,,,,partial,,
"أديداس",adidas,,,,,"السليمانية",Sulaymaniyah,shopping,shop,,,,,partial,,
USA 2 KURDISTAN,,,,,,Sulaymaniyah,Sulaymaniyah,shopping,shop,,,,,partial,,
Copy house,,,,,,Sulaymaniyah,Sulaymaniyah,shopping,shop,,,,,partial,,
Oslo Boutique,,,,,,"سلێمانی",Sulaymaniyah,shopping,shop,,,,,partial,,
"تەلاری ئالان",alan building,,,,,Sulaymaniyah,Sulaymaniyah,shopping,shop,,,,,partial,,
"مینی مارکێتی سەردار",sardar mini market,,,,404-20,Sulaymaniyah,Sulaymaniyah,shopping,shop,,,,,partial,,
LG,,,,,"شەقامی سالم","سلێمانی",Sulaymaniyah,shopping,shop,,,,,osm,,
"سيتي ستار",,,,,"عقاري من شارع سالم الرئيسي (سيتي ستار )","السليمانيه",Sulaymaniyah,shopping,shop,,,,,partial,,
Carrefour,,,,,,Sulaymaniyah,Sulaymaniyah,shopping,shop,,,,,partial,,
LC Waikiki,,,,,,Sulaymaniyah,Sulaymaniyah,shopping,shop,,,,,partial,,
Defacto,,,,,,Sulaymaniyah,Sulaymaniyah,shopping,shop,,,,,partial,,
"مارکێتی ئاودێر",Awder Market,,,,,Sulaymaniyah,Sulaymaniyah,shopping,shop,,,,,partial,,
"فرۆشگای ئەحمەد",Marketi ahmad,,,,,Sulaymaniyah,Sulaymaniyah,shopping,shop,,,,,partial,,
It center,,,,,,"السليمانية",Sulaymaniyah,shopping,shop,,,,,partial,,
"پێشانگای خالید و ئەکرەم: رۆنی ئوتۆمبیل",peshangay xalid u akram : oil car,,,,sarkarez,Sulaymaniyah,Sulaymaniyah,shopping,shop,,,,,partial,,
"مارکیتی خور",,,,,,Sulaymaniyah,Sulaymaniyah,shopping,shop,,,,,partial,,
"سوبر مارکیت",Supermarket,,,,slemany xabat,Sulaymaniyah,Sulaymaniyah,shopping,shop,,,,,partial,,
Beta Phone,,,,,"Al-Sulaymaniyah, xabat, saru fulkay xabat","السليمانية",Sulaymaniyah,shopping,shop,,,,,partial,,
hafta bazari slemani 3,,,,,316-10,sulamani,Sulaymaniyah,shopping,shop,,,,,partial,,
"هەرزانبازاڕی هیوا",,,,,60 Meter Road / Malik Mahmood Circle,Sulaymaniyah,Sulaymaniyah,shopping,shop,,,,,partial,,
Mobile Zaman,,,,,"Al-Sulaymaniyah, Xabat, nzik fulkay xabat","السليمانية",Sulaymaniyah,shopping,shop,,,,,partial,,
Hansk Center,,,,,"Al-Sulaymaniyah, xabat, saru fulkay xabat","السليمانية",Sulaymaniyah,shopping,shop,,,,,partial,,
"مارکێتی لارێ",larê market,,,,,Sulaymaniyah,Sulaymaniyah,shopping,shop,,,,,partial,,
maximall,maximall 2,,,,Salim Street,Sulaymaniyah,Sulaymaniyah,shopping,shop,,,,,partial,,
Hawkar Phone,,,,,"Al-Sulaymaniyah, Mawlawi, nzik baxi gshti","السليمانية",Sulaymaniyah,shopping,shop,,,,,partial,,
Marketi Awat,,,,,"Al-Sulaymaniyah, Chwarbax, nzik xastaxanay chwarbax","السليمانية",Sulaymaniyah,shopping,shop,,,,,partial,,
"پۆشاکی ئاکام","Poshaky Akam,",,,,Nali Street,Sulaymaniyah,Sulaymaniyah,shopping,shop,,,,,partial,,
"پۆشاکی شەھرام",Poshaky Shahram,,,,nali,Sulaymaniyah,Sulaymaniyah,shopping,shop,,,,,partial,,
"بازاڕی تەلاری كاوە",Kawa Building Store,,,,,Sulaymaniyah,Sulaymaniyah,shopping,shop,,,,,partial,,
"تەلاری كاوە",Kawa Building,,,,,Sulaymaniyah,Sulaymaniyah,shopping,shop,,,,,partial,,
Class Men,,,,,"شارع بيرامير","السليمانية",Sulaymaniyah,shopping,shop,,,https://www.facebook.com/ClassMen.FashionStore/,,partial,,
"مۆبایلی ئانۆ",Ano for cellphones,,,,Mawlawi Street,Sulaymaniyah,Sulaymaniyah,shopping,shop,,,,,partial,,
"وةرشةى روژى ئةلكترونى",Rozh Printers,,,,,Sulaymaniyah,Sulaymaniyah,shopping,shop,,,,,partial,,
"حەوزە وشکەکە",Hawza wshkaka,,,,,Sulaymaniyah,Sulaymaniyah,shopping,shop,,,,,partial,,
"جلی منداڵ",,,,,,Sulaymaniyah,Sulaymaniyah,shopping,shop,,,,,partial,,
Flagship Store,,,,,"Al-Sulaymaniyah, Bazar, Mawlawi, nzik bazary kolak","السليمانية",Sulaymaniyah,shopping,shop,,,,,partial,,
Peshangay Shaida,,,,,"Al-Sulaymaniyah, Xanaqa, barambar bazary dolaraka","السليمانية",Sulaymaniyah,shopping,shop,,,,,partial,,
Mobile Matin Phone,,,,,"Al-Sulaymaniyah, bazar, shaqami kawa, nzik mzgawti dw darga","السليمانية",Sulaymaniyah,shopping,shop,,,,,partial,,
Alan Mobile,,,,,"Al-Sulaymaniyah, Mawlawi, Talary Bahasht","السليمانية",Sulaymaniyah,shopping,shop,,,,,partial,,
Peshangay Sony 2,,,,,"Al-Sulaymaniyah, Kawa St., bazary jgaraka","السليمانية",Sulaymaniyah,shopping,shop,,,,,partial,,
Peshangay Sony,,,,,"Al-Sulaymaniyah, Bazary Khanaqa","السليمانية",Sulaymaniyah,shopping,shop,,,,,partial,,
Tesla Phone,,,,,"Al-Sulaymaniyah, Mawlawi, nzik farmangay posta","السليمانية",Sulaymaniyah,shopping,shop,,,,,partial,,
Hataw Center,,,,,"Al-Sulaymaniyah, Mawlawi, Bazary Osmani Said","السليمانية",Sulaymaniyah,shopping,shop,,,,,partial,,
Awa Mobile,,,,,"Al-Sulaymaniyah, Mawlawi, sar prdaka","السليمانية",Sulaymaniyah,shopping,shop,,,,,partial,,
Koshan mobile,,,,,,"السليمانية",Sulaymaniyah,shopping,shop,,,,,partial,,
Park Tower,,,,,,Sulaymaniyah,Sulaymaniyah,shopping,shop,,,,,partial,,
"سوپەرمارکێتی زارا",,,,,,Sulaymaniyah,Sulaymaniyah,shopping,shop,,,,,partial,,
look,,,,,,Sulaymaniyah,Sulaymaniyah,shopping,shop,,,,,partial,,
"تەلاری کۆڵەکی بازرگانی",Kolaka Trading Building,,,,,Sulaymaniyah,Sulaymaniyah,shopping,shop,,,,,partial,,
"کۆمپانیای ئەسێ",ASSE COMPANY,,,,,"سلێمانی",Sulaymaniyah,shopping,shop,,,,,partial,,
"ڕەشە مۆڵ",Rasha mall,,,,,Sulaymaniyah,Sulaymaniyah,shopping,shop,,,,,partial,,
"محلات المحكمة. مركز السليمانية",,,,,,Sulaymaniyah,Sulaymaniyah,shopping,shop,,,,,partial,,
Sheek Shop,"شیك شۆپ",,,,Qanat Street,Sulaymaniyah,Sulaymaniyah,shopping,shop,,,,,partial,,
"فروسكاي اكره م عسكري",,,,,,Sulaymaniyah,Sulaymaniyah,shopping,shop,,,,,partial,,
"سوق سليمانية",,,,,,Sulaymaniyah,Sulaymaniyah,shopping,shop,,,,,partial,,
"سوق سليمانية باله",,,,,,Sulaymaniyah,Sulaymaniyah,shopping,shop,,,,,partial,,
"پۆشاکی هۆزان",Poshaki hozan,,,,,Sulaymaniyah,Sulaymaniyah,shopping,shop,,,,,partial,,
"پۆشاکی هۆزان",Poshaki hozan,,https://instagram.com/poshaki_hozan?igshid=OGQ5ZDc2ODk2ZA==,,,Sulaymaniyah,Sulaymaniyah,shopping,shop,,,,,partial,,
Maktab Kamal,,,,,"Al-Sulaymaniyah, Mawlawi, Bazary Rasha","السليمانية",Sulaymaniyah,shopping,shop,,,,,partial,,
Hiwa Mobile,,,,,"Al-Sulaymaniyah, Bazary darasutawaka, nzik mzgawti bntabaq","السليمانية",Sulaymaniyah,shopping,shop,,,,,partial,,
Dubai Phone,,,,,"Al-Sulaymaniyah, Mawlawi, talary bahasht","السليمانية",Sulaymaniyah,shopping,shop,,,,,partial,,
Dabashkary Rozh,,,,,"Al-Sulaymaniyah, Bazar, nzik mzgawti gawra","السليمانية",Sulaymaniyah,shopping,shop,,,,,partial,,
Sarbast Mobile,,,,,"Al-Sulaymaniyah, Mawlawi, Barambar bazary daboka","السليمانية",Sulaymaniyah,shopping,shop,,,,,partial,,
Aylan Phone,,,,,"Al-Sulaymaniyah, Kaso Mall","السليمانية",Sulaymaniyah,shopping,shop,,,,,partial,,
Peshangay Akan,,,,,"Al-Sulaymaniyah, Bazar, Mawlawi, Barambar Daboka","السليمانية",Sulaymaniyah,shopping,shop,,,,,partial,,
Max Plus,,,,,"Al-Sulaymaniyah, Bardarki Sara, Bazary Asry","السليمانية",Sulaymaniyah,shopping,shop,,,,,partial,,
Mobile Pshdar,,,,,"Al-Sulaymaniyah, Mawlawi, Nzik mzgawti gawra","السليمانية",Sulaymaniyah,shopping,shop,,,,,partial,,
Peshangay Hevar,,,,,"Al-Sulaymaniyah, Bazary darasutawaka, nzik mzgawti bntabaq","السليمانية",Sulaymaniyah,shopping,shop,,,,,partial,,
Bestun Phone,,,,,"Al-Sulaymaniyah, Mawlawi, Talary Bahasht","السليمانية",Sulaymaniyah,shopping,shop,,,,,partial,,
Warshay Sara,,,,,"Al-Sulaymaniyah, Kaso Mall","السليمانية",Sulaymaniyah,shopping,shop,,,,,partial,,
Nali Phone,,,,,"Al-Sulaymaniyah, Bazar, baridaka, nzik bazary kolak","السليمانية",Sulaymaniyah,shopping,shop,,,,,partial,,
Next Phone Company,,,,,"Al-Sulaymaniyah, bazar, Darasutawaka, nzik mzgawti bntabaq","السليمانية",Sulaymaniyah,shopping,shop,,,,,partial,,
mobile shstore,,,,,,"السليمانية",Sulaymaniyah,shopping,shop,,,,,partial,,
Ary Phone,,,,,,"السليمانية",Sulaymaniyah,shopping,shop,,,,,partial,,
voda phone,,,,,,"السليمانية",Sulaymaniyah,shopping,shop,,,,,partial,,
Sha store,,,,,,"السليمانية",Sulaymaniyah,shopping,shop,,,,,partial,,
"مارکێتی شێوە",Shewa market,,,,,Sulaymaniyah,Sulaymaniyah,shopping,shop,,,,,partial,,
"مارکێتی فریاد",Fryad market,,,,,Sulaymaniyah,Sulaymaniyah,shopping,shop,,,,,partial,,
Bit Wall,,,,,"Al-Sulaymaniyah, Jawazaka, bazary hama sur","السليمانية",Sulaymaniyah,shopping,shop,,,,,partial,,
Peshangay Sardam,,,,,"Al-Sulaymaniyah, Bazar, Jawazaka, dukani zhmara 41","السليمانية",Sulaymaniyah,shopping,shop,,,,,partial,,
Ary Sponsor,,,,,"Al-Sulaymaniyah, Jawazaka, bazary hama sur","السليمانية",Sulaymaniyah,shopping,shop,,,,,partial,,
Gega Phone,,,,,"Al-Sulaymaniyah, Bazary Jawazaka","السليمانية",Sulaymaniyah,shopping,shop,,,,,partial,,
London Phone,,,,,"Al-Sulaymaniyah, Jawazaka","السليمانية",Sulaymaniyah,shopping,shop,,,,,partial,,
wsha phone,,,,,,"السليمانية",Sulaymaniyah,shopping,shop,,,,,partial,,
Mobile sardam,,,,,,"السليمانية",Sulaymaniyah,shopping,shop,,,,,partial,,
"Wsha Phone ووشە فۆن",,,,,204-2,"سلێمانی",Sulaymaniyah,shopping,shop,,,,,partial,,
Prwsha Market,,,,,Ibrahim Pasha- Gozakan Roundabout,"السليمانية",Sulaymaniyah,shopping,shop,,,,,partial,,
"ئامانج فۆن",Amanj Phone,,,,,Sulaymaniyah,Sulaymaniyah,shopping,shop,,,,,partial,,
"تاك مۆدە",takmoda,,,,,Sulaymaniyah,Sulaymaniyah,shopping,shop,,,,,partial,,
Sarxel Shop,,,,,Qanat Street,Sulaymaniyah,Sulaymaniyah,shopping,shop,,,https://www.facebook.com/Sarxel-shop-125929958280266/,,partial,,
Apple Center,,,,,"Al-Sulaymaniyah, Piramerd, nzik banki rashid","السليمانية",Sulaymaniyah,shopping,shop,,,,,partial,,
Doctor Phone,,,,,"Al-Sulaymaniyah, Bardarki Sara","السليمانية",Sulaymaniyah,shopping,shop,,,,,partial,,
Pana Phone,,,,,"Al-Sulaymaniyah, Bazar, Orzdi St.","السليمانية",Sulaymaniyah,shopping,shop,,,,,partial,,
Osman Phone,,,,,"Al-Sulaymaniyah, Piramerd, nzik banki rashid","السليمانية",Sulaymaniyah,shopping,shop,,,,,partial,,
Nila Phone,,,,,"Al-Sulaymaniyah, Piramerd, nzik naxoshxanay ali kamal","السليمانية",Sulaymaniyah,shopping,shop,,,,,partial,,
Milan Phone,,,,,"Al-Sulaymaniyah, Orzdi, bardarki sara","السليمانية",Sulaymaniyah,shopping,shop,,,,,partial,,
Dadyar Phone,,,,,"Al-Sulaymaniyah, Shaqami piramerd","السليمانية",Sulaymaniyah,shopping,shop,,,,,partial,,
"ليلى شوپ",Lily Shop,,,,33,Sulaymaniyah,Sulaymaniyah,shopping,shop,,,,,partial,,
"زەڵێ",,,,,,Sulaymaniyah,Sulaymaniyah,shopping,shop,,,,,partial,,
"قەڵای سرۆچک",,,,,,Sulaymaniyah,Sulaymaniyah,shopping,shop,,,,,partial,,
"ماركيت جم",Markety cham,,,,,Sulaymaniyah,Sulaymaniyah,shopping,shop,,,,,partial,,
Mobile & Estnsaxi Hemn,,,,,"Al-Sulaymaniyah, gula bax, nzik naxoshxanay shorsh","السليمانية",Sulaymaniyah,shopping,shop,,,,,partial,,
"هەرزان بازاڕی سڵیمانی ٤",,,,,"٣٣ شێخ سەلام","سلێمانی",Sulaymaniyah,shopping,shop,,,,,partial,,
Mobile Fryad,,,,,"Al-Sulaymaniyah, Kaniba, nzik xastaxanay shorsh","السليمانية",Sulaymaniyah,shopping,shop,,,,,partial,,
"كوشك",,,,,,Sulaymaniyah,Sulaymaniyah,shopping,shop,,,,,partial,,
"محلات شرکة نوزاد - ماركيتى کۆمپانیایی نه‌وزاد",,,,,,Sulaymaniyah,Sulaymaniyah,shopping,shop,,,,,partial,,
Mobile tazhan,,,,,,"السليمانية",Sulaymaniyah,shopping,shop,,,,,partial,,
"ئه شكي",,,,,"ابراهيم احمد قريب كوله كه كه","السليمانيه",Sulaymaniyah,shopping,shop,,,,,partial,,
Mobile w Satalite Arsh,,,,,"Al-Sulaymaniyah, Qrga","السليمانية",Sulaymaniyah,shopping,shop,,,,,partial,,
"سوپەرمارکێتی ئامەد",SUPERMARKET AMAD,,,,,Sulaymaniyah,Sulaymaniyah,shopping,shop,,,,,partial,,
"چوێسە مۆڵ ۲",Chwesa Mall 2,,,,,Sulaymaniyah,Sulaymaniyah,shopping,shop,,,,,partial,,
"مارکێتی دیهان",marketi dihan,,,,,Sulaymaniyah,Sulaymaniyah,shopping,shop,,,,,partial,,
"مارکێتی دیهان",,,,,,Sulaymaniyah,Sulaymaniyah,shopping,shop,,,,,partial,,
"شۆو مارکێت",Show Market,,,,,Sulaymaniyah,Sulaymaniyah,shopping,shop,,,,,partial,,
iTec Center,,,,,"Al-Sulaymaniyah, Ibrahim Ahmed, nzik mzgawti haji qadr besary","السليمانية",Sulaymaniyah,shopping,shop,,,,,partial,,
K Phone,,,,,"Al-Sulaymaniyah, Ibrahim Ahmed, nzik mzgawti haji qadr besary","السليمانية",Sulaymaniyah,shopping,shop,,,,,partial,,
Zakarya PC and Mobile,,,,,"Al-Sulaymaniyah, Ibrahim Ahmed, dukani zhmara 43","السليمانية",Sulaymaniyah,shopping,shop,,,,,partial,,
"سوق",market ibrahm Ahmad,,,,,Sulaymaniyah,Sulaymaniyah,shopping,shop,,,,,partial,,
i Store,,,,,"Al-Sulaymaniyah, Ibrahim Ahmed, Dania City","السليمانية",Sulaymaniyah,shopping,shop,,,,,partial,,
Mobile Zheer,,,,,"Al-Sulaymaniyah, Ibrahim Ahmed, barambar dilan city","السليمانية",Sulaymaniyah,shopping,shop,,,,,partial,,
Asda Market,,,,,"Al-Sulaymaniyah, Azadi, sadaka barambar parki shahidan","السليمانية",Sulaymaniyah,shopping,shop,,,,,partial,,
"دووکانی کاک جەمیل",Mr. Jamil's shop,,,,,Sulaymaniyah,Sulaymaniyah,shopping,shop,,,,,partial,,
"دوکانی کاک دەروێش",dwkany kak darwesh,,,,,Sulaymaniyah,Sulaymaniyah,shopping,shop,,,,,partial,,
"مینی ماركێت",mini market,,,,,Sulaymaniyah,Sulaymaniyah,shopping,shop,,,,,partial,,
"سووپەرمارکێتی لارا",LARA Super Market,,,,,Sulaymaniyah,Sulaymaniyah,shopping,shop,,,,,partial,,
"كه‌مال فۆن",,,,,,sulaymaniyah,Sulaymaniyah,shopping,shop,,,,,partial,,
"Kutali yalda - کوتاڵی یەڵداء","Kutali yalda - کوتاڵی یەڵدا؟",,,,azadi,Sulaymaniyah,Sulaymaniyah,shopping,shop,,,,,partial,,
"بازار ئازادي",Sug azadi,,,,,Sulaymaniyah,Sulaymaniyah,shopping,shop,,,,,partial,,
"بازاڕی ئازادی",,,,,,"سلێمانی",Sulaymaniyah,shopping,shop,,,,,partial,,
Mini Marketi Tabin,,,,,"Al-Sulaymaniyah, Azadi, 30 matry","السليمانية",Sulaymaniyah,shopping,shop,,,,,partial,,
"ماركێتی تالیا",talya market,,,,234-24,Sulaymaniyah,Sulaymaniyah,shopping,shop,,,,,partial,,
"سوپەرمارکێتی نازیار",,,,,,Sulaymaniyah,Sulaymaniyah,shopping,shop,,,,,partial,,
"أسواق إيكو",Eco Market,,,,,Sulaymaniyah,Sulaymaniyah,shopping,shop,,,,,partial,,
moda dream,,,,,,sulimany,Sulaymaniyah,shopping,shop,,,,,partial,,
Nova Market,,,,,Kaziwa- Opposite to Goizha City 2,"السليمانية",Sulaymaniyah,shopping,shop,,,,,partial,,
"مول - كارفور كويزة - السليمانية",,,,,"مجمع كويزا ستي","السليمانيه",Sulaymaniyah,shopping,shop,,,,,partial,,
Ari Store,,,,,"Al-Sulaymaniyah, Goizha","السليمانية",Sulaymaniyah,shopping,shop,,,,,partial,,
"نالى ماركيت",nali market,,,,,Sulaymaniyah,Sulaymaniyah,shopping,shop,,,,,partial,,
"فرۆشگای هاوسەر",,,,,,Sulaymaniyah,Sulaymaniyah,shopping,shop,,,,,partial,,
"مارکیتی گوفند",Govand,,,,,Sulaymaniyah,Sulaymaniyah,shopping,shop,,,,,partial,,
"مریشکفرۆش",,,,,,Sulaymaniyah,Sulaymaniyah,shopping,shop,,,,,partial,,
"گۆڤند",,,,,,Sulaymaniyah,Sulaymaniyah,shopping,shop,,,,,partial,,
"مارکێتی سۆرك",Sork market,,,,,Sulaymaniyah,Sulaymaniyah,shopping,shop,,,,,partial,,
Mini Marketi Shameran,,,,,"Al-Sulaymaniyah, qularaisy, nzik mzgawti gawray raparin","السليمانية",Sulaymaniyah,shopping,shop,,,,,partial,,
Marketi Nariman,,,,,"Al-Sulaymaniyah, Raparin, sarw maktabi zhilwan","السليمانية",Sulaymaniyah,shopping,shop,,,,,partial,,
boto market,boto market,,,,,Sulaymaniyah,Sulaymaniyah,shopping,shop,,,,,partial,,
"روناكي",,,,,"رابرين قريب المطار","السليمانيه",Sulaymaniyah,shopping,shop,,,,,partial,,
"دوکان",,,,,,Sulaymaniyah,Sulaymaniyah,shopping,shop,,,,,partial,,
Supermarket Heba,,,,,,Sulaymaniyah,Sulaymaniyah,shopping,shop,,,,,partial,,
Trump mobile,,,,,,Sulaymaniyah,Sulaymaniyah,shopping,shop,,,,,partial,,
Sina Phone,,,,,"Al-Sulaymaniyah, Raparin, Barambar xastaxanay raparin","السليمانية",Sulaymaniyah,shopping,shop,,,,,partial,,
"مۆبایلی ئاوا",,,,,,Sulaymaniyah,Sulaymaniyah,shopping,shop,,,,,partial,,
Awara Phone,,,,,,"السليمانية",Sulaymaniyah,shopping,shop,,,,,partial,,
"مارکێت",,,,,,Sulaymaniyah,Sulaymaniyah,shopping,shop,,,,,partial,,
"هەرزانبازاڕی ئامانج",Amanj Market,,,,,Sulaymaniyah,Sulaymaniyah,shopping,shop,,,,,partial,,
"چیمه ن تو بو فروشتن",,,,,,Sulaymaniyah,Sulaymaniyah,shopping,shop,,,,,partial,,
"چه و لم وبلوک بو فروشتن",Chaw lm Bo froshtn,,,,,Sulaymaniyah,Sulaymaniyah,shopping,shop,,,,,partial,,
"مارکێتی باکۆ",,,,,,Sulaymaniyah,Sulaymaniyah,shopping,shop,,,,,partial,,
"اسواق شمال",,,,,,Sulaymaniyah,Sulaymaniyah,shopping,shop,,,,,partial,,
"ئامانج",,,,,"رابرين من مدخل بنزينة ده روازة بعد مجمع قيوان(ئامانج)","السليمانيه",Sulaymaniyah,shopping,shop,,,,,partial,,
Manfaz Hala,,,,,"Al-Sulaymaniyah, Raparin, Mili Mall","السليمانية",Sulaymaniyah,shopping,shop,,,,,partial,,
Mobile Mad,,,,,"Al-Sulaymaniyah, Raparin, Mili Mall","السليمانية",Sulaymaniyah,shopping,shop,,,,,partial,,
Marketi Namdar,,,,,"Al-Sulaymaniyah, Raparin, nzik maktabi kurdstani nwe","السليمانية",Sulaymaniyah,shopping,shop,,,,,partial,,
"ھەرزان بازاڕی ویژدان",,,,,,Sulaymaniyah,Sulaymaniyah,shopping,shop,,,,,partial,,
"هەرزان بازاڕی شەماڵ",Harzan Bazary Shamal,,,,,Sulaymaniyah,Sulaymaniyah,shopping,shop,,,,,partial,,
"هه رزان بازارى مامه قاسم",Qasm Supermarket,,,,,Sulaymaniyah,Sulaymaniyah,shopping,shop,,,,,partial,,
"هۆگر",Hoger,,,,,Sulaymaniyah,Sulaymaniyah,shopping,shop,,,,,partial,,
"مارکێت ئاریا",,,,,,Sulaymaniyah,Sulaymaniyah,shopping,shop,,,,,partial,,
Marketi Gulstan,,,,,"Al-Sulaymaniyah, Qularaisy, barambar mzgawti qularaisy 2","السليمانية",Sulaymaniyah,shopping,shop,,,,,partial,,
Mini Marketi Qularaisy,,,,,"Al-Sulaymaniyah, Qularaisy, nzik mzgawti qularaisy","السليمانية",Sulaymaniyah,shopping,shop,,,,,partial,,
"سيتي سنتر",City Center Supermarket,,,,,Sulaymaniyah,Sulaymaniyah,shopping,shop,,,,,partial,,
DeFacto,De Facto,,,,"کەرکوک - سلێمانی","سلێمانی",Sulaymaniyah,shopping,shop,,,,,partial,,
LC Waikiki,,,,,"کەرکوک - سلێمانی","سلێمانی",Sulaymaniyah,shopping,shop,,,,,partial,,
"مجدي مول",Majdi mall,,,,,Sulaymaniyah,Sulaymaniyah,shopping,shop,,,,,partial,,
"مول - مجدي هايبرماركت - السليمانية - ماجدي مول",,,,,"مجدي مول رابرين طريق كركوك","السليمانيه",Sulaymaniyah,shopping,shop,,,,,partial,,
"مجدي مول",,,,,,Sulaymaniyah,Sulaymaniyah,shopping,shop,,,,,partial,,
"گردی سەرچنار مارکیت",Grdy Sarchnar Miniarket,,,,,Sulaymaniyah,Sulaymaniyah,shopping,shop,,,,,partial,,
"ستي سنتر","ستي سنتر",,,,,Sulaymaniyah,Sulaymaniyah,shopping,shop,,,,,partial,,
"مالي سان",,,,,"مقابل مجمع باك سيتي","السليمانيه",Sulaymaniyah,shopping,shop,,,,,partial,,
"دارجين",,,,,"مقابل مجمع باك سيتي(دارجين)","السليمانيه",Sulaymaniyah,shopping,shop,,,,,partial,,
"بوتيكا",,,,,,"سلێمانی",Sulaymaniyah,shopping,shop,,,,,partial,,
"ئیستەمبووڵ مۆدە",Istanbul Moda,,,,,"سلێمانی",Sulaymaniyah,shopping,shop,,,,,partial,,
"بوتیکا",Butiqa,,,,,"سلێمانی",Sulaymaniyah,shopping,shop,,,,,partial,,
"روما",Roma,,,,,"سلێمانی",Sulaymaniyah,shopping,shop,,,,,partial,,
"ولف",Wolf,,,,,"سلێمانی",Sulaymaniyah,shopping,shop,,,,,partial,,
"gasi roshna;ھولاند ١",Holand 1,,,,,Sulaymaniyah,Sulaymaniyah,shopping,shop,,,,,partial,,
marketi aso,,,,,,Sulaymaniyah,Sulaymaniyah,shopping,shop,,,,,partial,,
"ماركيت",,,,,,Sulaymaniyah,Sulaymaniyah,shopping,shop,,,,,partial,,
barin market,,,,,63 Jawahiri,Sulaymaniyah,Sulaymaniyah,shopping,shop,,,,,partial,,
"هيڤار",,,,,,Sulaymaniyah,Sulaymaniyah,shopping,shop,,,,,partial,,
"ايفار",,,,,"الشارع الرئيسي مقابل فلافل بينار(ايفار)","السليمانيه",Sulaymaniyah,shopping,shop,,,,,partial,,
Nawroz Phone,,,,,"Al-Sulaymaniyah, Baxtyare, nzik mahadaka","السليمانية",Sulaymaniyah,shopping,shop,,,,,partial,,
"مارکێتی کۆژیار",market kojyar,,,,Sarchenar Road,Sulaymaniyah,Sulaymaniyah,shopping,shop,,,,,partial,,
"مارکیتی دالیا",Markety dalya,,,,,Sulaymaniyah,Sulaymaniyah,shopping,shop,,,,,partial,,
"ماركيت وان",wan market,,,,,Sulaymaniyah,Sulaymaniyah,shopping,shop,,,,,partial,,
Mini Marketi Arino,,,,,"Al-Sulaymaniyah, Shahidani Sarchnar, nzik maktabi qazy mhamad","السليمانية",Sulaymaniyah,shopping,shop,,,,,partial,,
Marketi Shamal w Aram,,,,,"Al-Sulaymaniyah, Sarchinar, nzik mzgawti mashxalan","السليمانية",Sulaymaniyah,shopping,shop,,,,,partial,,
"سوپەرمارکێتی سامۆس",,,,,"75 سەگرمە","سلێمانی",Sulaymaniyah,shopping,shop,,,,,partial,,
"مارکێتی هەڵۆ",,,,,"75 سەگرمە","سلێمانی",Sulaymaniyah,shopping,shop,,,,,partial,,
"نيو تايم",,,,,"سرجنار الشارع العام قريب مسجد سعيد بيران","السليمانيه",Sulaymaniyah,shopping,shop,,,,,partial,,
"لتين الذهب",,,,,"سرجنار امتداد شارع السوق(لتين الذهب )","السليمانيه",Sulaymaniyah,shopping,shop,,,,,partial,,
Mini Marketi Hallo,,,,,"Al-Sulaymaniyah, Sarchnar, nzik mzgawti shex saeedi piran","السليمانية",Sulaymaniyah,shopping,shop,,,,,partial,,
lolan,,,,,,Sulaymaniyah,Sulaymaniyah,shopping,shop,,,,,partial,,
"مارکێتی رازی",razi market,,,,98 Galawezh,Sulaymaniyah,Sulaymaniyah,shopping,shop,,,,,partial,,
"مارکێت رازی","Razi market.مارکێت ڕازی",,,,98 Galawezh,Sulaymaniyah,Sulaymaniyah,shopping,shop,,,,,partial,,
"شانو",,,,,"كاني كورده مقابل مسجد حوزه بيران","السليمانيه",Sulaymaniyah,shopping,shop,,,,,partial,,
"نواله",,,,,"سرجنار دوسايد 104","السليمانيه",Sulaymaniyah,shopping,shop,,,,,partial,,
"ماركيتى باران",Baran market,,,,,Sulaymaniyah,Sulaymaniyah,shopping,shop,,,,,partial,,
Hama Market,,,,,"Al-Sulaymaniyah, Kani Kurda, nzik maktab srusht","السليمانية",Sulaymaniyah,shopping,shop,,,,,partial,,
Mini Marketi Baran,,,,,"Al-Sulaymaniyah, Kani Kurda, Nzik maktabi rafiq hilmi","السليمانية",Sulaymaniyah,shopping,shop,,,,,partial,,
"هه وارة زانكو",,,,,"قوله ره يسي وسط سوق هه وارة زانكو","السليمانيه",Sulaymaniyah,shopping,shop,,,,,partial,,
"سووپەر مارکێتی ئەپڵ",Marwan Market,,,,,Sulaymaniyah,Sulaymaniyah,shopping,shop,,,,,partial,,
"مه روان",,,,,"قوله ره يسي قريب مسجد شهيدان مروان","السليمانيه",Sulaymaniyah,shopping,shop,,,,,partial,,
"مارکێت لایک",,,,,,Sulaymaniyah,Sulaymaniyah,shopping,shop,,,,,partial,,
Marketi Guli Bahar,,,,,"Al-Sulaymaniyah, Qularaisy, tanisht mzgawti shahid mariwan","السليمانية",Sulaymaniyah,shopping,shop,,,,,partial,,
4U Supermarket,,,,,,Sulaymaniyah,Sulaymaniyah,shopping,shop,,,,,partial,,
"بلكيان",,,,,"كاني كورده قريب مسجد مهان","السليمانيه",Sulaymaniyah,shopping,shop,,,,,partial,,
Mobile Milan,,,,,"Al-Sulaymaniyah, Kani Kurda, Barambar mzgawti Rahman","السليمانية",Sulaymaniyah,shopping,shop,,,,,partial,,
Bashdar Phone,,,,,"Al-Sulaymaniyah, Tavga, nzik mzgawti haji hamaxan","السليمانية",Sulaymaniyah,shopping,shop,,,,,partial,,
"كومبانياي جبال - موبايلي سامسونك",Jibal Co. Samsung Mobile,,,,,"سلێمانی",Sulaymaniyah,shopping,shop,,,,,partial,,
"دار التواضع",Dar ala tavazoh,,,,"007, Salim Street",Sulaymaniyah,Sulaymaniyah,shopping,shop,,,,,partial,,
7days market,,,,,,"السليمانية",Sulaymaniyah,shopping,shop,,,,,partial,,
7 Days Market,,,,,,"السليمانية",Sulaymaniyah,shopping,shop,,,,,partial,,
hallo market,,,,,,Sulaymaniyah,Sulaymaniyah,shopping,shop,,,,,partial,,
Kaso Mobile,,,,,"Al-Sulaymaniyah, Ri7aya, nzik mzgawti shex farid","السليمانية",Sulaymaniyah,shopping,shop,,,,,partial,,
Marketi Gazo,,,,,"Al-Sulaymaniyah, Baranan, nzik maktabi nali kuran","السليمانية",Sulaymaniyah,shopping,shop,,,,,partial,,
"مارکێتی نەی","مارکێتی نەی",,,,126-3,Sulaymaniyah,Sulaymaniyah,shopping,shop,,,,,partial,,
"مركز هدايا",,,,,"زه ركته قريب مركز عثماني علاف","السليمانيه",Sulaymaniyah,shopping,shop,,,,,partial,,
Mobile Zargata,,,,,"Al-Sulaymaniyah, zargatay taza, barambar mzgawti osmani alaf","السليمانية",Sulaymaniyah,shopping,shop,,,,,partial,,
Dida phone,,,,,,"السليمانية",Sulaymaniyah,shopping,shop,,,,,partial,,
"میترو",Metro Supermarket,,,,Piramagrun Street,Sulaymaniyah,Sulaymaniyah,shopping,shop,,,,,partial,,
Rozha Boutique,,,,,,"السليمانية",Sulaymaniyah,shopping,shop,,,https://www.facebook.com/Rozha-Boutique-310879476087654/,,partial,,
"ڕۆدی مۆڵ 1",Rodi mall 1,,,,,Sulaymaniyah,Sulaymaniyah,shopping,shop,,,,,partial,,
"سوق ميترو",supermarkety mitro,,,,,Sulaymaniyah,Sulaymaniyah,shopping,shop,,,,,partial,,
"سه فرة",,,,,"الشارع الرئيسي رعاية(سه فرة )","السليمانيه",Sulaymaniyah,shopping,shop,,,,,partial,,
Ashti Market,,,,,,Sulaymaniyah,Sulaymaniyah,shopping,shop,,,,,partial,,
"تيك تاك",Tick tack,,,,104-69,Sulaymaniyah,Sulaymaniyah,shopping,shop,,,,,partial,,
"ئیستەمبووڵ مۆدا",Istanbul moda,,,,,Sulaymaniyah,Sulaymaniyah,shopping,shop,,,,,partial,,
miss bride VIP,,,,,26 Ashti,Sulaymaniyah,Sulaymaniyah,shopping,shop,,,,,partial,,
"ملابس نسائية اسلامية",,,,,,Sulaymaniyah,Sulaymaniyah,shopping,shop,,,,,partial,,
"به يام",,,,,"ئاشتي مقابل قوبادي","السليمانيه",Sulaymaniyah,shopping,shop,,,,,partial,,
"دوستي نور",,,,,"ئاشتي الشارع الرئيسي","السليمانيه",Sulaymaniyah,shopping,shop,,,,,partial,,
Mine Marketi Shalaw,,,,,"Al-Sulaymaniyah, tanisht mzgawti Ali Naji","السليمانية",Sulaymaniyah,shopping,shop,,,,,partial,,
UK,,,,,"ئاشتي مقابل جردي كوران","السليمانيه",Sulaymaniyah,shopping,shop,,,,,osm,,
"براندي حسن علاف",brand hasan alaf,,,,,Sulaymaniyah,Sulaymaniyah,shopping,shop,,,,,partial,,
Easy Day Market,,,,,"Al-Sulaymaniyah, Ashti, Barambar Maktabi blnd","السليمانية",Sulaymaniyah,shopping,shop,,,,,partial,,
"سوپەر مارکێتی ئاڵتون",Altun Supermarket,,,,Malik Mahmud Street,Sulaymaniyah,Sulaymaniyah,shopping,shop,,,,,partial,,
Dana phone,,,,,,"السليمانية",Sulaymaniyah,shopping,shop,,,,,partial,,
"نوا 7",,,,,"سه روري الشارع الرئيسي امتداد نفق زركته(ايفار)","السليمانيه",Sulaymaniyah,shopping,shop,,,,,partial,,
Mobile Hama Latif,,,,,"Al-Sulaymaniyah, Kani Kurda, nzik maktabi srusht","السليمانية",Sulaymaniyah,shopping,shop,,,,,partial,,
"اسواق",,,,,,Sulaymaniyah,Sulaymaniyah,shopping,shop,,,,,partial,,
"موبيليات.ابواب",,,,,,Sulaymaniyah,Sulaymaniyah,shopping,shop,,,,,partial,,
"بي مارت",,,,,"شهيدان زركته على شارع 60(بي مارت)","السليمانيه",Sulaymaniyah,shopping,shop,,,,,partial,,
Almas Mobile,,,,,"Al-Sulaymaniyah, Kareza wshk, nzik mzgawti shex azizi boskani","السليمانية",Sulaymaniyah,shopping,shop,,,,,partial,,
Daban,,,,,,Sulaymaniyah,Sulaymaniyah,shopping,shop,,,,,partial,,
"توتوكيدس",Toto Kids,,,,,Sulaymaniyah,Sulaymaniyah,shopping,shop,,,,,partial,,
Marketi Sharbazher,,,,,"Al-Sulaymaniyah, nzik qabrsani shex ahmadi hndi","السليمانية",Sulaymaniyah,shopping,shop,,,,,partial,,
"ئازادی مۆڵ",,,,,,Sulaymaniyah,Sulaymaniyah,shopping,shop,,,,,partial,,
sami,sami,,,,,Sulaymaniyah,Sulaymaniyah,shopping,shop,,,,,partial,,
Lindex.Unique,,,,,,"سلێمانی",Sulaymaniyah,shopping,shop,,,,,partial,,
POSHYA FASHION,,,,,20 Saeed Kaban,"سلێمانی",Sulaymaniyah,shopping,shop,,,,,partial,,
amez,,,,,,Sulaymaniyah,Sulaymaniyah,shopping,shop,,,,,partial,,
Chanel,,,,,,"سلێمانی",Sulaymaniyah,shopping,shop,,,,,partial,,
"مینی ماركێتی چالاك",chalak mini market,,,,,Sulaymaniyah,Sulaymaniyah,shopping,shop,,,,,partial,,
"ماليك كاريزه وشك",,,,,"كاريزه وشك مقابل مسجد دار السلام","السليمانيه",Sulaymaniyah,shopping,shop,,,,,partial,,
Marketi Hawkary,,,,,"Al-Sulaymaniyah, Hawkary, nzik maktabi piramerd","السليمانية",Sulaymaniyah,shopping,shop,,,,,partial,,
Marketi Iraq 3,,,,,"Al-Sulaymaniyah, Hawkary, nzik maktabi piramerd","السليمانية",Sulaymaniyah,shopping,shop,,,,,partial,,
"فرۆشگای مامۆستایان",Mamostayan Market,,,,,Sulaymaniyah,Sulaymaniyah,shopping,shop,,,,,partial,,
MrilynBoutique,,,,,,Sulaymaniyah,Sulaymaniyah,shopping,shop,,,,,partial,,
"بۆتیکی مارلین",,,,,,"سلێمانی",Sulaymaniyah,shopping,shop,,,,,partial,,
City Market,,,,,112-7,"سلێمانی",Sulaymaniyah,shopping,shop,,,,,partial,,
"جیهان مارکێت",,,,,20 Saeed Kaban,"سلێمانی",Sulaymaniyah,shopping,shop,,,,,partial,,
Mrkety Safin,,,,,,"سلێمانی",Sulaymaniyah,shopping,shop,,,,,partial,,
Marketi Hawkar,,,,,"Al-Sulaymaniyah, Rzgary, psht malbandi yaketi","السليمانية",Sulaymaniyah,shopping,shop,,,,,partial,,
"مینی ماركێتی لە‌ندە‌ن",London Minimarket,,,,39 Muestafa Khoshnaw,Sulaymaniyah,Sulaymaniyah,shopping,shop,,,,,partial,,
Marketi Dara,,,,,"Al-Sulaymaniyah, Eskan, zher mzgawti omery kuri khatab","السليمانية",Sulaymaniyah,shopping,shop,,,,,partial,,
rebaz store,,,,,,"السليمانية",Sulaymaniyah,shopping,shop,,,,,partial,,
"ڕێژوان",,,,,,Sulaymaniyah,Sulaymaniyah,shopping,shop,,,,,partial,,
Savia Mobile,,,,,Tuy Malik- Opposite to Italya Icecream,"السليمانية",Sulaymaniyah,shopping,shop,,,,,partial,,
Marketi Marva,,,,,"Al-Sulaymaniyah, Majid bag, nzik mzgawti mala abdulla","السليمانية",Sulaymaniyah,shopping,shop,,,,,partial,,
"ڕۆدی مۆڵ 2",rodi mall 2,,,,,Sulaymaniyah,Sulaymaniyah,shopping,shop,,,,,partial,,
Rodi mall,,,,,,Sulaymaniyah,Sulaymaniyah,shopping,shop,,,,,partial,,
Rodi mall,,,,,,Sulaymaniyah,Sulaymaniyah,shopping,shop,,,,,partial,,
HK kids,,,,,30 Meter Road,suleimanyiah,Sulaymaniyah,shopping,shop,,,,,partial,,
ONYX Supermarket,,,,,30 Meter Road,suleimanyiah,Sulaymaniyah,shopping,shop,,,,,partial,,
"اونيكس",,,,,"تقاطع هواري طازة من مدخل شارع توو ماليك(اونيكس)","السليمانيه",Sulaymaniyah,shopping,shop,,,,,partial,,
Marketi Onyx,,,,,"Al-Sulaymaniyah, Hawary Taza, 30 metre street","السليمانية",Sulaymaniyah,shopping,shop,,,,,partial,,
"ريبانا مول",ribana,,,,30 Meter Road,Sulaymaniyah,Sulaymaniyah,shopping,shop,,,,,partial,,
"سوپەرمارکێتی سروشت",Srwsht Supermarket,,,,,Sulaymaniyah,Sulaymaniyah,shopping,shop,,,,,partial,,
"کلاس مۆڵ",,,,,,Sulaymaniyah,Sulaymaniyah,shopping,shop,,,,,partial,,
"مجمع كاردن ستي",,,,,"شارع 60 متر -قبل فندق تيتانك-(كاردن ستي )","السليمانيه",Sulaymaniyah,shopping,shop,,,,,partial,,
"مارکێتی توانست",,,,,,Sulaymaniyah,Sulaymaniyah,shopping,shop,,,,,partial,,
"مارکێتی ئیدریس",Idris Market,,,,,Sulaymaniyah,Sulaymaniyah,shopping,shop,,,,,partial,,
"مارکێتی توانست",Twanst Market,,,,,Sulaymaniyah,Sulaymaniyah,shopping,shop,,,,,partial,,
malika 3,,,,,,slemani,Sulaymaniyah,shopping,shop,,,,,partial,,
"مۆبایلی ئاگرین وهاوژین",,,,,,Sulaymaniyah,Sulaymaniyah,shopping,shop,,,,,partial,,
T Mobile,,,,,"Al-Sulaymaniyah, Hawary Taza","السليمانية",Sulaymaniyah,shopping,shop,,,,,partial,,
"مارکێتـی نـاوازە",Nawaza Market,,,,,Sulaymaniyah,Sulaymaniyah,shopping,shop,,,,,partial,,
"شاي شار",,,,,"كاني كورده الدوسايد الرئيسي","السليمانيه",Sulaymaniyah,shopping,shop,,,,,partial,,
basud mobile,,,,,,"السليمانية",Sulaymaniyah,shopping,shop,,,,,partial,,
Zhanyar Mobile,,,,,"Al-Sulaymaniyah, Kani Spika, nzik mzgawti tabayi","السليمانية",Sulaymaniyah,shopping,shop,,,,,partial,,
Mini Marketi Dlgash,,,,,"Al-Sulaymaniyah, Kani Spika","السليمانية",Sulaymaniyah,shopping,shop,,,,,partial,,
"باستان",,,,,30 Daban,slemani,Sulaymaniyah,shopping,shop,,,,,partial,,
"مارکێتی ڤینە",Vina Market,,,,,Sulaymaniyah,Sulaymaniyah,shopping,shop,,,,,partial,,
"مارکێتی ئاراس",Aras market,,,,,Sulaymaniyah,Sulaymaniyah,shopping,shop,,,,,partial,,
"دانسقه",,,,,"هواري شار وسط السوق","السليمانيه",Sulaymaniyah,shopping,shop,,,,,partial,,
"فينا",,,,,"هواري شار وسط السوق","السليمانيه",Sulaymaniyah,shopping,shop,,,,,partial,,
Marketi Taqanay Hawary Shar,,,,,"Al-Sulaymaniyah, Hawary Shar, nzik mzgawti hawary shar","السليمانية",Sulaymaniyah,shopping,shop,,,,,partial,,
mobile basta,,,,,,"السليمانية",Sulaymaniyah,shopping,shop,,,,,partial,,
"سوپەرمارکێتی سایە",Saya supermarket,,,,,Sulaymaniyah,Sulaymaniyah,shopping,shop,,,,,partial,,
"ماركێتی مه‌روا",Markety marwe,,,,,"سلێمانی",Sulaymaniyah,shopping,shop,,,,,partial,,
Paiz Market,,,,,,Sulaymaniyah,Sulaymaniyah,shopping,shop,,,,,partial,,
sarkawt,,,,,,slemani,Sulaymaniyah,shopping,shop,,,,,partial,,
"ئەندێشە",Andesha,,,,,Sulaymaniyah,Sulaymaniyah,shopping,shop,,,,,partial,,
Marketi Andesha,,,,,"Al-Sulaymaniyah, Kalakn, nzik parki hawary shar","السليمانية",Sulaymaniyah,shopping,shop,,,,,partial,,
"دەریا",Daria Market,,,,,Sulaymaniyah,Sulaymaniyah,shopping,shop,,,,,partial,,
"حەموودی",Hamudy,,https://instagram.com/hamudy_shop,,,Sulaymaniyah,Sulaymaniyah,shopping,shop,,,,,partial,,
"مارکێتی تاقانە","مارکێتی تاقانە ی (کۆرش) korsh",,,,,Sulaymaniyah,Sulaymaniyah,shopping,shop,,,,,partial,,
"هيدار",,,,,"ئازادي الدوسايد الرئيسي","السليمانيه",Sulaymaniyah,shopping,shop,,,,,partial,,
Mobile Diyare,,,,,"Al-Sulaymaniyah, Azadi, jaday 30 matri","السليمانية",Sulaymaniyah,shopping,shop,,,,,partial,,
Chia supermarket,,,,,1,Sulaymaniyah,Sulaymaniyah,shopping,shop,,,,,partial,,
Marketi Anusha Gull,,,,,"Al-Sulaymaniyah, Goizha, nzik mzgawti shex osmani baba shexi sire","السليمانية",Sulaymaniyah,shopping,shop,,,,,partial,,
"مۆبایلی شنە",,,,,shahidany azady,sulaymanyah,Sulaymaniyah,shopping,shop,,,,,partial,,
fluffy,,,,,222-18,sulaymanyah,Sulaymaniyah,shopping,shop,,,,,partial,,
Marketi Ahmed Kaya,,,,,"Al-Sulaymaniyah, Twi Malik, nzik baxi ahmed kaya","السليمانية",Sulaymaniyah,shopping,shop,,,,,partial,,
Bay Deniz slemani,,,,,,Sulaymaniyah,Sulaymaniyah,shopping,shop,,,,,partial,,
"مارکێتی بەرزاییەکانی سلێمانی",Slemani Heights,,,,,Sulaymaniyah,Sulaymaniyah,shopping,shop,,,,,partial,,
debar shop,,,,,"شەقامی عەواڵ","سلێمانی",Sulaymaniyah,shopping,shop,,,,,partial,,
Ayan Baby Shop,,,,,102-40,"بەکرەجۆ",Sulaymaniyah,shopping,shop,,,,,partial,,
peshawa supermarket,,,,,,Sulaymaniyah,Sulaymaniyah,shopping,shop,,,,,partial,,
Harzan Bazary Imprator,,,,,,"سلێمانی",Sulaymaniyah,shopping,shop,,,,,partial,,
"کۆشکی خانمان",,,,,,"سلێمانی",Sulaymaniyah,shopping,shop,,,,,partial,,
"مارکێتی کۆشکی سپی",koshki spi market,,,,,"سلێمانی",Sulaymaniyah,shopping,shop,,,,,partial,,
"شاتوو",,,,,"چوارچرا","سلێمانی",Sulaymaniyah,shopping,shop,,,,,partial,,
"دیە خانم",,,,,,"سلێمانی",Sulaymaniyah,shopping,shop,,,,,partial,,
azaban market,,,,,405-62,sulaimanyah,Sulaymaniyah,shopping,shop,,,,,partial,,
Bella Fashion,,,,,,"سلێمانی",Sulaymaniyah,shopping,shop,,,,,partial,,
Kutal w accessory Nma,,,,,,Sulaymaniyah,Sulaymaniyah,shopping,shop,,,,,partial,,
"کوتاڵی VIP 2",,,,,,Sulaymaniyah,Sulaymaniyah,shopping,shop,,,,,partial,,
"کوتاڵی VIP 2",,,,,,Sulaymaniyah,Sulaymaniyah,shopping,shop,,,,,partial,,
Berlin Dress,,,,,,Sulaymaniyah,Sulaymaniyah,shopping,shop,,,,,partial,,
Im Moda & Sport,,,,,,Sulaymaniyah,Sulaymaniyah,shopping,shop,,,,,partial,,
JUNE VINTAGE HOUSE,,,,,"13, 408-2",sulaimani,Sulaymaniyah,shopping,shop,,,,,partial,,
youns,,,,,,Sulaymaniyah,Sulaymaniyah,shopping,shop,,,,,partial,,
oslo,,,,,,Sulaymaniyah,Sulaymaniyah,shopping,shop,,,,,partial,,
"مارکێتی حاجی عەلی سور",,,,,308-34,sulaimanyah,Sulaymaniyah,shopping,shop,,,,,partial,,
"مارکێتی نوا 4",,,,,,Sulaymaniyah,Sulaymaniyah,shopping,shop,,,,,partial,,
shad,,,,,33 Shekh Salam,sulamani,Sulaymaniyah,shopping,shop,,,,,partial,,
Niga,,,,,33 Shekh Salam,sulamani,Sulaymaniyah,shopping,shop,,,,,partial,,
"مۆبایلفرۆشی ڕەوەند",,,,,,"سلێمانی",Sulaymaniyah,shopping,shop,,,,,partial,,
"مارکێتی باخان",,,,,313-94,"سلێمانی",Sulaymaniyah,shopping,shop,,,,,partial,,
"مارکێتی ئۆکەی",,,,,,Sulaymaniyah,Sulaymaniyah,shopping,shop,,,,,partial,,
kutali meran,,,,,,"سلێمانی",Sulaymaniyah,shopping,shop,,,,,partial,,
harem shop,,,,,,"سلێمانی",Sulaymaniyah,shopping,shop,,,,,partial,,
hunar market,,,,,,"سلێمانی",Sulaymaniyah,shopping,shop,,,,,partial,,
"بازاڕی ئازادی",Bazary Azadi Milly,,,,,"سلێمانی",Sulaymaniyah,shopping,shop,,,,,partial,,
"سوپەرمارکێتی نازیار",,,,,,"سلێمانی",Sulaymaniyah,shopping,shop,,,,,partial,,
A to Z,A to Z,,,,,Sulaymaniyah,Sulaymaniyah,shopping,shop,,,,,partial,,
"ماکسی مۆڵ",,,,,Sarchenar Road,"سلێمانی",Sulaymaniyah,shopping,shop,,,,,partial,,
markety_ mina,,,,,,"سلێمانی",Sulaymaniyah,shopping,shop,,,,,partial,,
good baby,,,,,,Sulaymaniyah,Sulaymaniyah,shopping,shop,,,,,partial,,
ahmadany,,,,,,Sulaymaniyah,Sulaymaniyah,shopping,shop,,,,,partial,,
Fancy,,,,,,Sulaymaniyah,Sulaymaniyah,shopping,shop,,,,,partial,,
"مینی مارکێتی فریاد",,,,,,"سلێمانی",Sulaymaniyah,shopping,shop,,,,,partial,,
nawar,,,,,,Sulaymaniyah,Sulaymaniyah,shopping,shop,,,,,partial,,
High Mart Market,,,,,152-27,sulaymaniyah,Sulaymaniyah,shopping,shop,,,,,partial,,
ZAZA,,,,,,"سلێمانی",Sulaymaniyah,shopping,shop,,,,,partial,,
Life fashion,,,,,,"سلێمانی",Sulaymaniyah,shopping,shop,,,,,partial,,
Depar mall,,,,,,"سلێمانی",Sulaymaniyah,shopping,shop,,,,,partial,,
super markety itally,,,,,,Sulaymaniyah,Sulaymaniyah,shopping,shop,,,,,partial,,
Darya market,,,,,,Sulaymaniyah,Sulaymaniyah,shopping,shop,,,,,partial,,
"هەرزانبازاڕی نەوا",Nwa Supermarket,,,,120-52,Sulaymaniyah,Sulaymaniyah,shopping,shop,,,,,partial,,
"سووپەرمارکێتی فۆر یوو",4U supermarket,,,,,"سلێمانی",Sulaymaniyah,shopping,shop,,,,,partial,,
shayan market,,,,,,Sulaymaniyah,Sulaymaniyah,shopping,shop,,,,,partial,,
"ھەرزان بازاڕی کۆژیار",,,,,114-25,Sulaymaniyah,Sulaymaniyah,shopping,shop,,,,,partial,,
"ئەتلەس لایت",,,,,,Sulaymaniyah,Sulaymaniyah,shopping,shop,,,,,partial,,
HK kids,,,,,30 Meter Road,"سلێمانی",Sulaymaniyah,shopping,shop,,,,,partial,,
zhiwan supermarket,,,,,114-41,Sulaymaniyah,Sulaymaniyah,shopping,shop,,,,,partial,,
Garden City Supermarket,,,,,,"سلێمانی",Sulaymaniyah,shopping,shop,,,,,partial,,
langay swedi,,,,,,slemani,Sulaymaniyah,shopping,shop,,,,,partial,,
itu halmi shar,,,,,,slemani,Sulaymaniyah,shopping,shop,,,,,partial,,
deny,,,,,,"سلێمانی",Sulaymaniyah,shopping,shop,,,,,partial,,
sarkawt,,,,,,"سلێمانی",Sulaymaniyah,shopping,shop,,,,,partial,,
"کەشخە ٢",,,,,,"سلێمانی",Sulaymaniyah,shopping,shop,,,,,partial,,
"ریبین",,,,,,"سلێمانی",Sulaymaniyah,shopping,shop,,,,,partial,,
silver star supermarket,,,,,,"سلێمانی",Sulaymaniyah,shopping,shop,,,,,partial,,
maxi moda shop,,,,,,"سلێمانی",Sulaymaniyah,shopping,shop,,,,,partial,,
aga mashalla,,,,,"goizha, 30 Meter Road",sulaymanyah,Sulaymaniyah,shopping,shop,,,,,partial,,
"دوکانی شنە بۆ ئەلیکترۆنیات",Shna mobile store,,,,Shahindany Azady,"سلێمانی",Sulaymaniyah,shopping,shop,,,,,partial,,
D1,,,,,,"سلێمانی",Sulaymaniyah,shopping,shop,,,,,osm,,
Suli Heights Supermarket,,,,,,"سلێمانی",Sulaymaniyah,shopping,shop,,,,,partial,,
"ستی ستار",city star,,,,,Sulaymaniyah,Sulaymaniyah,shopping,shop,,,,,partial,,